"","Area","1961","1962","1963","1964","1965","1966","1967","1968","1969","1970","1971","1972","1973","1974","1975","1976","1977","1978","1979","1980","1981","1982","1983","1984","1985","1986","1987","1988","1989","1990","1991","1992","1993","1994","1995","1996","1997","1998","1999","2000","2001","2002","2003","2004","2005","2006","2007","2008","2009","2010","2011","2012","2013","2014","2015","2016","2017","2018","2019","2020","2021","2022"
"1","Türkiye",52600,82900,84700,90600,92000,94300,94700,99700,97200,112800,211300,265900,335300,289000,261300,260500,285500,213800,345500,372100,390500,396400,434500,514000,526700,557700,551400,554500,566800,506600,477600,576552,502871,546200,741600,611752,618400,695000,652000,692000,592000,644419,644419,644419,751337,611337,705123,708650,726047,745959,895307,955200,1026421,1053096,1122329,1253420,1335800,1376713,1427505,1479878,1366521,1680611
"2","Côte d'Ivoire",0,0,0,0,0,0,0,0,0,0,0,0,0,0,0,0,0,0,0,0,0,0,0,0,0,0,0,0,0,0,0,190,252,200,200,400,100,100,0,0,0,0,0,327,327,327,327,2558,2428,2836,2760,2655,1914,1397,1921,2653,5199,2951,5396,6765,7012,8410
"3","Réunion",0,0,0,0,0,0,0,0,0,0,0,0,0,0,0,0,0,0,0,0,0,0,0,0,0,0,0,0,0,0,0,155,157,181,134,134,134,134,134,134,134,134,134,134,134,134,134,134,134,134,134,134,134,134,134,134,134,134,134,134,134,134
"4","Afghanistan",0,0,0,0,0,0,0,0,0,0,0,0,0,0,0,0,0,0,0,0,0,0,0,0,0,0,0,0,0,0,0,0,23,23,23,337,337,337,337,465,465,783,765,471,471,471,32,67,135,180,153,325,285,206,131,272,26,118,624,211,211,3413
"5","Africa",285300,373700,532000,616800,633900,678200,706000,605300,598100,641100,621800,665800,766000,801200,831773,821500,883700,859700,945800,1187100,1389300,1312400,1451000,1189500,1195700,1160300,1172304,1171081,1938000,1922404,1949004,1926074,1778081,1308280,1800677,1700462,2125166,2152248,1971092,2077233,2150373,2249000,2049557,2241460,2172911,2171985,2447750,2571183,1874268.5,2053271,1998106.53,2136270,2567490.3,2224679.3,2217208,2207216,2133412,2109704,2005592,1670898,1885869.46,1825883.63
"6","Albania",0,0,0,0,0,7000,8400,8600,8600,8500,8500,8400,8400,8400,8400,8400,8400,8400,8400,8400,8400,8400,8400,8400,8400,8400,8400,15900,15900,15900,15900,15900,18900,19900,19900,19900,20487,19894,4294,4330,4330,4330,4330,4330,4330,4330,4330,4330,4330,4330,4773,441,426,456,4426,4426,0,34,23,1794,48,28
"7","Algeria",24500,11500,13300,13000,14200,12500,14000,16100,17200,18300,18300,20300,29000,29000,29000,42900,42900,45000,57100,73600,65600,53400,79600,71000,91700,77200,57900,72700,91000,92000,79600,69972,75056,78400,59770,84170,50000,51000,43700,17900,10600,19000,15620,19340,19340,6363,18308,20540,34508,42329,46460,50297,48542,54617,68902,71762,88850,77812,109782,104590,104590,129418
"8","American Samoa",0,0,0,0,0,0,0,0,0,0,0,0,0,0,0,0,0,0,0,0,0,0,0,0,0,0,0,0,0,0,0,0,0,0,0,0,0,0,0,0,0,0,0,0,0,0,0,0,0,0,0,0,0,0,0,0,0,0,0,0,0,0
"9","Americas",33360500,34765700,37152200,40347400,42552400,46602000,46815000,49006900,51830600,51320200,52095500,55538000,58012900,58752200,49791400,56199600,57840500,60707500,62933100,64019308,65270216,61120508,64514908,69579308,67580100,71004558,74825416,76000108,76941600,77564953,78486220,77636983,77144412,85630397,81228977,79406697,81056645,79925652,79933696,81521877,75793657,76182045,77140083,78367970,78677924,75960458,77241929,73033543,64452653,67629426.1,65722917.08,64825238.35,64191339.52,65291119.5,64398838,64405041,64005097,68395353,65143013,63412737,65171004.41,62415161.49
"10","Andorra",0,0,0,0,0,0,0,0,0,0,0,0,0,0,0,0,0,0,0,0,0,0,0,0,0,0,0,0,0,0,0,0,0,1,1,1,1,1,1,1,1,1,1,1,1,1,1,1,1,1,1,1,1,1,1,1,1,1,452,453,453,461
"11","Angola",0,14600,21000,25500,24900,27000,26000,2900,4700,4600,3000,6200,9700,18400,37000,37000,37000,37000,37000,37000,37000,37000,2000,2000,0,0,0,0,0,0,0,0,0,0,0,0,-225,-247,-425,-414,-414,-414,-408,-394,-394,-94,759,-236,1922,462,2587,3240,7107,8258,93,2616,7407,10964,11876,16936,17004.15,11542
"12","Argentina",135000,120000,130000,136000,152000,165700,121700,298700,312000,368400,393000,411000,440000,452600,396900,410100,405700,432500,560800,454300,415500,515700,589300,653000,617400,724900,716600,697900,698500,625400,560400,672891,663900,687800,756700,699300,880200,667050,599900,650500,640200,680407,749094,851858,845698,803620,843610,917938,806356,826186,692037.58,827003,809221,891506,866908,806066,823758,852798,833796,826458,752619,804779
"13","Armenia",0,0,0,0,0,0,0,0,0,0,0,0,0,0,0,0,0,0,0,0,0,0,0,0,0,0,0,0,0,0,0,0,0,0,0,0,0,0,0,0,28000,24,0,23,93,61,80,239,-4,50,137,663,751,403,116,-16,7,22,35,43,15,19
"14","Aruba",0,0,0,0,0,0,0,0,0,0,0,0,0,0,0,0,0,0,0,0,0,0,0,0,0,0,0,0,0,0,0,0,5,44,44,44,44,44,44,44,44,44,44,44,44,44,44,44,44,44,44,44,44,44,44,44,44,44,44,44,44,44
"15","Asia",6597200,6895300,7913300,8246900,8603500,9499800,10242900,11569140,12601200,13996000,14129700,14610400,15870900,16024500,14580200,15788268,16245202,17625100,19135609,19413309,18093909,18228909,20202400,21343500,24768600,26597792,30367742,32816228,33256187,33665385,35636285,37510593,39994949,44284006,49516074,40363355,44919557,43168736,44276538,45062227,45104885,46822361,48181985,51552816,52347637,53785988,56875231,58454457,56797926,58923579,63293672,62720975.3,61524037,64227358.55,65221774,66596668,69608334,72068919,73938100,76591896,78590244.46,81690128.96
"16","Australia",378100,389900,471600,522100,586100,356900,381300,619800,693600,803800,793700,756900,813400,953300,862600,782900,851900,832300,931900,974800,984800,1004700,964900,1064500,1094400,1146900,1194300,1291700,1310900,1308500,1235000,1231645,1239423,1227700,1206900,1145400,1150900,1123000,1169000,1319900,1472400,1700900,1494000,1471100,1525100,1487505,1559762,1842450,1484230,1524283,1638165,1683332,1699655,1720199,1700977,1665295,1675695,1832896,1808920,1678927,1645912.53,1763141
"17","Australia and New Zealand",659100,699500,847600,924800,1003600,793500,862300,1029700,1187600,1302700,1291000,1260400,1499500,1625200,1490500,1519000,1490000,1503200,1515000,1630000,1680700,1737000,1543200,1688900,1812800,1767500,1836000,2032000,2013200,1931700,1946100,1903507,1924011,1937100,1993000,1837000,1983100,1848000,2026100,2188200,2199400,2489900,2246000,2210987,2296061,2142625,2250014,2620283,2141610,2306808,2460051,2428395,2260973,2385030,2289445,2269460,2146613,2427238,2124331,2136582,2053880.12,2245820
"18","Austria",605400,573800,597200,633800,651100,658500,681300,643400,717100,777200,799700,864300,960700,1013200,899200,939300,1049300,1012700,1063200,1092200,1071000,1073200,1072200,1135200,1222400,1237900,1291900,1429900,1537200,1527600,1628700,1654037,1654271,1812000,1773700,1677700,1761300,1818600,1741000,1850000,1711000,1812650,1873000,2113434,2094045,2146800,2078989,2117648,1834280,1958636,1979725,2080099,1917291,1993792,1918409,2115650,2039406,1956270,1925844,1823988,1888234,1781165
"19","Azerbaijan",0,0,0,0,0,0,0,0,0,0,0,0,0,0,0,0,0,0,0,0,0,0,0,0,0,0,0,0,0,0,0,0,0,0,0,0,-200,-200,0,0,20,10,10,14,57,25,21,24,71,100,148,194,372,372,1235,258,157,120,206,50,100,500
"20","Bahamas",0,0,0,0,0,0,0,0,0,0,0,0,0,0,0,0,0,0,0,0,0,0,0,0,0,0,0,0,0,0,0,84,107,135,0,0,0,0,100,100,2900,2389,2134,214,214,70,55,-167,-169,-166,-152,-167,-163,-185,-177,-177,-177,-177,181,-166,-166,-176
"21","Bahrain",0,0,0,0,0,0,0,0,0,0,0,0,0,0,0,0,0,0,0,0,0,0,0,0,0,0,0,0,0,0,0,56,46,5039,8613,11200,13000,9800,5000,5000,2000,357,11787,17473,17473,11767,13556,4233,3698,15592,9229,7442,20950,35160,31085,35086,34817,26045,20969,22033,20581,17112
"22","Bangladesh",26000,30000,26000,28000,13000,12000,9000,30000,26000,26000,46000,62400,58000,45900,27900,59400,55600,82300,96809,96809,107109,111209,114700,124600,157900,139700,155900,141600,142100,147000,137100,141132,139646,132946,126046,120300,111000,46700,51100,51100,51700,42246,80497,97455,97455,95106,102802,116693,158857,101175,224573,220441,298420,373491,327470,575142,428441,485825,479207,407878,408557,468657
"23","Barbados",0,0,0,0,0,0,0,0,0,0,0,0,0,0,0,0,0,0,0,0,0,0,0,0,0,0,0,0,0,0,0,538,180,1167,372,900,2100,2100,2200,2200,1400,1154,2945,866,866,1115,123,50,-223,40,40,40,12,9,9,4,14,14,14,14,14,-10
"24","Belarus",0,0,0,0,0,0,0,0,0,0,0,0,0,0,0,0,0,0,0,0,0,0,0,0,0,0,0,0,0,0,0,36900,25980,30000,30000,35651,32320,70526,86400,87800,80200,82200,86300,86900,87000,91600,91600,91600,66593,85107,70872,80908,46940,52119,51812,26213,24767,24158,84377,92400,105747,173783
"25","Belgium",0,0,0,0,0,0,0,0,0,0,0,0,0,0,0,0,0,0,0,0,0,0,0,0,0,0,0,0,0,0,0,0,0,0,0,0,0,0,0,806000,807550,820823,790667,794467,849833,708737,190885,245275,476373,177468,315533,445759,619699,635879,601711,629989,665796,768578,706340,404578,481154,556613
"26","Belgium-Luxembourg",178200,180900,190500,198600,244600,279600,296900,525600,564600,599800,612200,646200,666700,707400,551800,564700,575300,531200,568400,606300,590200,575200,589600,609100,574400,592700,666200,720600,752300,767900,724100,701271,640736,786616,737200,738500,728500,778500,724730,0,0,0,0,0,0,0,0,0,0,0,0,0,0,0,0,0,0,0,0,0,0,0
"27","Belize",0,0,0,0,0,0,0,0,0,0,0,0,0,0,0,0,0,0,0,0,0,0,0,0,0,0,0,0,0,0,0,0,0,0,19,19,19,1685,112,131,1395,465,56,1206,1206,994,1790,1801,1901,1901,1901,1901,1901,-552,1471,2267,2982,1557,1738,3639,2457.85,2217.36
"28","Benin",0,0,0,0,0,0,0,0,0,0,0,0,0,0,0,0,0,0,0,0,0,0,0,0,0,0,0,0,0,0,0,31,0,0,0,0,0,-21,0,7,7,7,2,11,11,4,4,5,434,440,433,433,433,431,432,432,431,431,431,431,431,954
"29","Bhutan",0,0,0,0,0,0,0,0,0,0,0,0,0,0,0,0,0,0,0,0,0,0,0,0,0,0,0,0,0,0,0,0,0,0,0,400,487,487,487,487,487,487,487,487,487,496,496,496,496,500,500,500,500,499,515,437,437,437,437,437,437,510
"30","Bolivia (Plurinational State of)",400,400,400,400,400,400,400,400,400,400,400,500,600,600,600,600,600,600,600,600,600,600,600,0,0,0,0,0,0,0,0,1894,1100,2700,7600,2700,3200,1700,1400,1600,1600,0,0,0,0,0,0,-755,416,-840,-482,840,3477,5131,9031,15723,16670,19492,26329,42246,40088.49,39440
"31","Bosnia and Herzegovina",0,0,0,0,0,0,0,0,0,0,0,0,0,0,0,0,0,0,0,0,0,0,0,0,0,0,0,0,0,0,0,12,184,51,51,51,125,1891,1917,1917,1917,1917,21917,51545,53627,53627,44136,69001,78355,92516,114010,112000,117515,117940,124100,87923,109483,120302,105490,118370,118630,130541
"32","Botswana",0,0,0,0,0,0,0,0,0,0,0,0,0,0,0,0,0,0,0,0,0,0,0,0,0,0,0,0,0,0,0,0,0,0,0,0,0,0,0,0,0,0,0,0,0,0,0,0,1.1,56,8,39,8,7.3,9,2,1,1,12,6,1.6,-11
"33","Brazil",328800,377500,447500,501700,560100,645400,682400,760000,782300,855900,918500,1012000,1144700,1323400,1174000,1342900,1655400,1834500,1754400,2567200,2367200,2843900,1878500,2359300,1950600,2248700,3150600,3041800,3490800,3376700,3461400,3676170,3568819,3879891,4136195,4295900,4225700,4339168,4441200,4770203,4424615,5009724,4973320,5037858,5262532,5345166,5800041,5977280,5448418,6205060,5843296,5889280,6140024,6279301,6311991,6305814,6617524,6744499,5098721,5312938,6982090.15,6035811
"34","British Virgin Islands",0,0,0,0,0,0,0,0,0,0,0,0,0,0,0,0,0,0,0,0,0,0,0,0,0,0,0,0,0,0,0,0,0,0,0,0,0,0,0,0,0,0,0,0,0,0,0,0,0,0,0,0,0,0,0,0,0,0,0,0,0,0
"35","Brunei Darussalam",0,0,0,0,0,0,0,0,0,0,0,0,0,0,0,0,0,0,0,0,0,0,0,0,0,0,0,0,0,0,0,2,48,48,53,5,5,0,22,24,24,22,13,13,13,13,13,37,39,22,85,24,-1,95,95,95,45,-4,-24,-26,-13.84,-13.84
"36","Bulgaria",34300,44000,54200,73200,82900,88000,1e+05,183500,167400,181400,206900,198200,220700,303200,309200,343200,332200,360200,360100,406400,407900,397100,418800,406000,384600,367200,365200,373400,334500,222800,208800,82738,84200,76700,102300,101700,70900,70900,44150,49150,53150,55150,55150,93180,94644,102725,105215,82458,140857,48198,50987,74567,63108,49113,64647,62523,142440,139484,136678,155772,123857,123413
"37","Burkina Faso",0,0,0,0,0,0,0,0,0,0,0,0,0,0,0,0,0,0,0,0,0,0,0,0,0,0,0,0,0,0,0,0,8,8,12,12,12,4,4,4,4,4,4,90,90,90,90,90,90,41,-7,33,33,11,32,37,47,47,37,47,78.37,46.6
"38","Burundi",0,0,0,0,0,0,0,0,0,0,0,0,0,0,0,0,0,0,0,0,0,0,0,0,0,0,0,0,0,0,0,0,0,0,0,0,148,148,0,0,0,0,46,240,240,240,113,137,137,137,137,56,56,33,33,33,36,36,-50,-50,-50,-50
"39","Cabo Verde",0,0,0,0,0,0,0,0,0,0,0,0,0,0,0,0,0,0,0,0,0,0,0,0,0,0,0,0,0,0,0,0,0,0,0,0,0,0,0,0,0,0,0,0,0,0,0,0,0,2,8,8,8,6,6,6,9,9,9,9,9,9
"40","Cambodia",2000,2000,2000,1000,1000,1000,2100,4300,4700,3200,0,0,0,0,0,0,0,0,0,0,0,0,0,0,0,0,0,0,0,0,0,0,0,0,0,0,0,0,0,0,0,0,3,3,3,-3,-37,-12,-12,-12,-12,-12,-12,75,100,102,423,1243,1016,2835,2835,666
"41","Cameroon",0,0,0,0,0,0,0,0,0,0,0,0,0,0,0,0,0,0,0,25000,60000,0,0,0,0,0,0,0,0,0,0,269,305,215,144,144,424,300,300,300,1500,500,500,500,500,500,500,1604,752,1213,1213,868,868,241,327,499,490,323,421,454,454,4227
"42","Canada",10033100,10348100,10717300,11824100,12535000,13939600,13876200,10727100,11556000,11517100,11397300,11961400,12674800,13233700,9834600,11600600,11633400,12519500,12447400,12753800,12894200,10975900,12500700,13554900,13365500,14149000,14740300,15007000,15740300,15407500,14865500,14185465,14034891,14739300,15247000,14535000,14261900,13493600,13992196,15121381,14113000,13889149,15080693,15122829,15137000,13067000,12397243,11399436,9398413,9834134,8862151,8232955,8436952,7829458,7527278,7356888,7175959,7299501,7403778,5878263,6728852,6233627
"43","Caribbean",52500,38100,44000,30700,27500,31800,35100,73600,75800,69100,81000,72000,80000,80200,81200,81300,74800,48900,72100,82200,67900,79700,84100,80000,95200,101000,105300,87300,98300,98553,95320,57826,56147,58375,62264,62400,63941,14292,13764,14462,15462,10985,12991,13126,13078,10387,9085,8586,20979,22670,27437,32762,50286.06,42094,38774,37747,32311,30745,41059,32032,34319.8,45442.03
"44","Cayman Islands",0,0,0,0,0,0,0,0,0,0,0,0,0,0,0,0,0,0,0,0,0,0,0,0,0,0,0,0,0,0,0,0,0,0,0,0,0,0,0,0,0,0,0,0,0,0,0,0,903,954,5290,2602,16494,0,0,0,0,0,520,520,520,520
"45","Central African Republic",0,0,0,0,0,0,0,0,0,0,0,0,0,0,0,0,0,0,0,0,0,0,0,0,0,0,0,0,0,0,0,0,0,0,0,0,0,0,0,0,0,0,239,287,287,287,287,287,287,287,287,287,287,287,287,287,239,825,825,825,825,825
"46","Central America",249100,268300,296500,314100,339500,354300,394700,444500,500900,594900,564800,588300,646500,812100,688300,769400,746000,822800,869300,914600,980400,942400,981600,1060800,1172200,1139700,1228300,1368700,1081800,1072200,1054900,965813,971338,889940,1183907,928248,811904,1085437,1087936,1093328,1041175,1140752,1263847,1192463,1180571,1592458,1542946,1670503,1074558,1074179.1,1029338.5,1009178.35,1026569.11,1189614.15,1219255,1313467,1359632,1371554,1179630,1316658,1175973.09,1389670.81
"47","Central Asia",0,0,0,0,0,0,0,0,0,0,0,0,0,0,0,0,0,0,0,0,0,0,0,0,0,0,0,0,0,0,0,0,0,30,30,30,0,946,946,4025,4396,3688,3088,800,-778,1782,10852,10639,10740,11573,17353,24472,25039,23394,16135,17582,19734,33458,33849,34297,36158,49394
"48","Chad",0,0,0,0,0,0,0,0,0,0,0,0,0,0,0,0,0,0,0,0,0,0,0,0,0,0,0,0,0,0,0,10,12,12,0,0,-248,-248,-248,-248,-248,-248,-235,-235,-235,-149,-224,-237,-224,9,9,9,9,9,9,9,9,9,9,9,9,9
"49","Chile",145200,146100,151600,179200,199700,311700,307900,223400,201500,252800,241800,230400,261300,255200,277600,278300,260200,227300,268100,347000,421600,208200,272300,346400,334000,284000,335500,429900,347300,310900,446800,360467,389132,370900,490480,502100,508200,471700,542400,770400,532000,564100,664000,810000,637000,847674,829000,928000,691550,741010,905937,774893,620944,555821,718475,512561,719726,693445,601760,979203,1010388.82,878148
"50","China",2349400,2461900,2565900,2626000,2735400,2883500,3007100,3257340,3328600,3490500,3406400,3086600,3143100,3149700,3413200,3444100,3731200,4346600,4746500,5191000,5323600,5155300,5884400,6593000,9530100,10497400,13502000,14854200,14081600,13978800,14885645,15950532,18084807,20968363,25655617,15987335,20006772,20665017,20473430,18614600,19272307,20904577,22238342,23573473,24731195,26855635,28031969,29711268,31085455,31403247,35035524,34678448,33050925,33909831.55,34870138,35593113,38523032,40168923,42745085,46673470,48150448.55,49440693.66
"51","China, Hong Kong SAR",0,0,0,0,0,0,0,0,0,0,0,0,0,0,0,200,700,1600,800,600,200,500,1800,3000,4700,5700,4600,4900,4800,5600,6200,28534,37546,21286,14500,5800,4600,10600,1741,-559,1306,2721,2194,925,494,-1051,2823,1382,-4747,290,141,-357,-2361,-239,-767,-231,-3227,3717,11953,10760,8532.46,13037.46
"52","China, Macao SAR",0,0,0,0,0,0,0,0,0,0,0,0,0,0,0,0,0,0,0,0,0,0,0,0,0,0,0,0,0,0,0,186,81,0,0,0,215,0,0,0,0,0,-15,0,0,0,0,0,0,0,0,0,0,0,0,0,0,0,0,0,0,0
"53","China, mainland",2200000,2300000,2400000,2450000,2550000,2650000,2725000,2944940,2989200,3103200,3035600,2687400,2687400,2687400,2987400,2983500,3124200,3621200,4009600,4472900,4569500,4435500,5089000,5765000,8620000,9510000,12409000,13726000,12958100,12828100,13907500,15060472,17119000,19877729,24536400,14945200,18797500,19505100,19303100,17458200,18150400,19819940,21103760,22395035,23528268,25632031,26888257,28624265,29987575,30355293,33935165,33628511,32052729,32944911,33949304,34675453,37483720,39136288,41666766,45649471,47265878.55,48548419
"54","China, Taiwan Province of",149400,161900,165900,176000,185400,233500,282100,312400,339400,387300,370800,399200,455700,462300,425800,460400,606300,723800,736100,717500,753900,719300,793600,825000,905400,981700,1088400,1123300,1118700,1145100,971945,861340,928180,1069348,1104717,1036335,1204457,1149317,1168589,1156959,1120601,1081916,1132403,1177513,1202433,1224655,1140889,1085621,1102627,1047664,1100218,1050294,1000557,965159.55,921601,917891,1042539,1028918,1066366,1013239,876037.56,879237.2
"55","Colombia",23700,27000,39200,42000,54200,143200,101600,125900,155500,163800,154400,196600,171700,222400,150300,181300,192300,206300,239100,251800,274600,244100,234600,253000,284900,277100,274800,294800,289500,299100,322200,364003,356774,394955,385300,380900,401100,407500,429000,535900,453600,532800,549863,515160,519160,550402,562352,538569,515813,558682,538753,606044,578023,599484,602101,576689,593150,598030,579081,562839,549373.33,619692.43
"56","Comoros",0,0,0,0,0,0,0,0,0,0,0,0,0,0,0,0,0,0,0,0,0,0,0,0,0,0,0,0,0,0,0,0,5,5,5,0,0,0,0,0,0,0,0,0,0,0,0,0,0,0,0,0,0,0,0,0,0,0,0,0,0,1
"57","Congo",0,0,0,0,0,0,0,0,0,0,0,0,0,0,0,0,0,0,0,0,0,0,0,0,0,0,0,0,0,0,0,9,0,0,0,0,0,0,0,0,0,0,47,59,59,59,59,160,146,146,146,146,146,59,25,24,-443,-443,13,311,311,206
"58","Costa Rica",0,0,0,0,0,0,0,0,0,0,5600,4400,1300,4400,2700,2700,2700,2100,9100,13700,8500,8400,13000,16000,10400,10400,14800,14800,13200,12700,11800,12543,15271,17169,20458,13144,15000,15000,25100,18900,21183,22210,20463,36885,37654,63328,59753,45551,28464,28147,27727,26047,22038,190021,186315,187376,186408,187494,187071,184624,185402.94,186561.25
"59","Croatia",0,0,0,0,0,0,0,0,0,0,0,0,0,0,0,0,0,0,0,0,0,0,0,0,0,0,0,0,0,0,0,110977,109922,103418,90105,102400,77800,63600,58600,93700,79000,81000,81000,67000,56000,65000,51001,51000,38470,54665,62499,44085,768,850,524,-316,-1354,-1257,-231,860,-1955,-1955
"60","Cuba",43300,31400,37500,30700,27500,31800,35000,67500,71500,63700,75000,66000,74000,74000,75000,75000,68500,46600,67900,77800,63500,74900,79700,79300,94300,99600,102700,85100,94900,94900,94900,52909,52546,52968,57200,55200,53400,4400,5400,5400,4400,3400,3900,7042,7042,3855,3655,3435,1970,2034,2874,2874,2922,2196,3307,3872,2253,3017,1782,4237,4237,5571
"61","Cyprus",0,0,0,0,0,0,0,0,0,0,100,200,200,0,0,0,0,0,700,400,500,300,100,100,100,600,1600,1600,2100,1500,1800,2934,3124,3603,4400,4300,3200,3200,2600,1900,2560,4160,2751,2218,2279,1685,1304,706,7,114,31,149,59,83,95,91,340,791,317,337,282,190
"62","Czechia",0,0,0,0,0,0,0,0,0,0,0,0,0,0,0,0,0,0,0,0,0,0,0,0,0,0,0,0,0,0,0,0,600518,421717,425000,365400,397800,452400,437600,466000,493000,523000,548000,549960,583602,590578,580985,528653,479180,508168,517974,614315,457569,493569,639976,1068567,1098584,1035458,1194248,1196527,1212339,1231226
"63","Czechoslovakia",567800,571400,572500,576300,585000,572300,595000,613600,561000,609400,614400,580400,580700,594400,701000,757000,785000,791000,788000,876000,916000,1043000,1112300,1146800,1138300,1121900,1119900,1215200,1091800,1169100,980400,563500,0,0,0,0,0,0,0,0,0,0,0,0,0,0,0,0,0,0,0,0,0,0,0,0,0,0,0,0,0,0
"64","Democratic People's Republic of Korea",3000,3000,3000,15000,20000,25000,30000,30000,35000,40000,40000,45000,45000,45000,68000,89000,93000,97000,101000,106000,106000,106000,106000,106000,106000,106000,106000,106000,106000,106000,106000,107230,148849,161765,157609,130022,117522,117400,117400,117400,150600,150600,150600,150600,150600,150600,140600,143865,123238,107749,109204,106814,113854,108798,109184,108239,107786,107774,124169,106105,106105,107604
"65","Democratic Republic of the Congo",0,0,0,0,0,0,0,0,0,0,0,0,0,0,0,0,0,0,0,0,0,0,0,0,0,0,0,0,0,0,0,65,0,0,26,26,6,6,6,6,6,202,28,-54,-54,39,-12,-48,61,781,591,464,654,491,254,121,969,969,1027,238,238,775
"66","Denmark",46700,59900,61200,67200,74100,81400,66100,168000,163900,190300,131300,137400,141700,156700,95800,105000,102900,142100,148200,138400,158600,145600,180900,189900,178200,179500,186600,170700,155200,133000,139300,188923,169416,178300,160500,168300,167700,87620,60627,51350,50986,63210,62221,64494,71785,57540,72235,66235,61623,67320,47985,60836,53461,49766,19335,42597,42597,58605,32019,32019,32019,32019
"67","Djibouti",0,0,0,0,0,0,0,0,0,0,0,0,0,0,0,0,0,0,0,0,0,0,0,0,0,0,0,0,0,0,0,0,0,27,27,27,27,2075,379,399,3700,3700,3700,3700,3700,3679,3679,3682,73,20,515,815,14507,8375,4747,9690,5371,2877,3738,3100,3100,3124
"68","Dominica",0,0,0,0,0,0,0,0,0,0,0,0,0,0,0,0,0,0,0,0,0,0,0,0,0,0,0,0,0,0,0,0,19,19,19,19,0,31,30,78,78,78,78,78,78,76,76,76,76,76,76,76,76,47,47,47,47,47,47,47,47,47
"69","Dominican Republic",0,0,0,0,0,0,0,5900,4300,5400,6000,6000,6000,6000,6000,6000,6000,1800,3800,4000,4000,4000,4000,100,100,100,100,100,2300,253,320,102,255,269,1100,1400,200,150,0,0,0,0,0,589,589,984,900,920,446,2851,6130,11461,14484,13297,14060,10753,8642,11206,13318,18689,21398.4,14040
"70","Eastern Africa",4000,2700,3400,5500,5700,5000,5000,16600,17800,21500,27800,28300,34400,41800,44573,59900,62700,76800,112200,116000,119900,110200,107200,128100,118200,116500,159200,159700,157600,159700,159100,188196,201809,166360,176771,176763,187210,195325,192811,194281,198236,215705,217187,244224,236348,255722,249363,247819,125093.2,79182,81087,80282,96326,91714,85275,90881,79479,82297,88746,99035,107525.09,104449.46
"71","Eastern Asia",6116000,6371400,7347800,7569500,7786100,8613800,9296400,10432340,11399300,12744800,12661800,13009200,14045700,14162300,12828400,13836500,14186352,15409700,16662900,17275000,15899000,15817500,17221600,18286900,21592400,22930300,26709500,29179600,29305900,29276000,30808445,31817761,33653859,37455208,42569027,33242158,37281795,36869768,37121053,35627243,35511530,37073450,38093465,39781196,40743918,42785358,43815305,45317071,43964058,45237963,48636966,47783296,46111660,47194239.55,47822420,48426072,51583151,53022699,55359245,57578354,59504047.29,60821025.66
"72","Eastern Europe",4566100,4881800,5123500,5313700,5717600,6340900,6870600,7282700,7421400,8432200,8840400,9026500,9440800,10154500,10654000,10972300,11245400,11485500,10896200,11060000,11195400,11319600,12017500,12224600,12474000,12362500,12710000,13069600,13587200,12459800,10527600,7348619,5897027,4858443,5738618,4922351,4823520,5369054,6358271,7157365,7408590,7642470,8005850,8391198,8486562,8454266,8717202,8713665,8410653,8961470,9511674,9074333,9249014,9199969,9759805,10979837,11108007,11479420,11317480,11776685,12397428,12582341
"73","Ecuador",0,0,0,0,0,0,0,0,1100,2200,4000,4100,5300,6800,7900,8100,8900,10200,9300,10900,61600,61800,58300,30500,7200,10400,15600,9300,36900,9000,6100,5666,9544,13900,8500,7400,15000,15700,16500,16800,20500,21722,25100,25836,25836,23074,24779,25902,34285,38192,36596,38280,44697,38140,37986,40376,40747,41422,39856,45852,39094.8,39409.22
"74","Egypt",2000,20000,21000,23000,30000,40000,44000,107700,111200,101000,108200,96800,108800,98100,109700,126100,89000,85900,107700,121100,123300,111200,131000,135600,148700,121300,132000,80000,80000,80000,104500,172265,87566,109053,115839,124100,87200,131700,119300,185700,225500,212160,248627,225022,184475,148561,196990,194590,191855,175322,190586,206328,432467,423234,418682,444283,415991,454895,348635,269617,271002,223383
"75","El Salvador",0,0,0,100,100,100,300,300,400,1600,600,0,0,0,800,800,2900,2900,1000,400,400,400,9600,9600,9600,0,0,0,0,0,0,3795,7977,7977,22484,23039,21939,11700,8200,7600,18200,18200,9734,5036,1196,693,1545,2005,84,2126,2276,1108,427,3163,8503,42738,64364,48956,62005,70909,62581.31,56003
"76","Equatorial Guinea",0,0,0,0,0,0,0,0,0,0,0,0,0,0,0,0,0,0,0,0,0,0,0,0,0,0,0,0,0,0,0,0,0,0,0,0,0,0,0,0,0,0,0,0,0,0,0,71,71,71,71,71,71,61,61,61,61,61,61,61,61,61
"77","Eritrea",0,0,0,0,0,0,0,0,0,0,0,0,0,0,0,0,0,0,0,0,0,0,0,0,0,0,0,0,0,0,0,0,0,0,0,0,0,0,0,0,0,0,0,-436,-436,-436,-427,-427,-427,-427,-426,-432,-434,-434,-434,-77,-77,-77,-77,-68,-68,-68
"78","Estonia",0,0,0,0,0,0,0,0,0,0,0,0,0,0,0,0,0,0,0,0,0,0,0,0,0,0,0,0,0,0,0,42023,41716,31219,7219,28219,38400,41700,49963,54483,56130,65570,67552,68795,68248,88303,64076,75263,65285,88087,78672,98771,107448,88859,102164,80353,87452,70175,81763,91193,74192,67978
"79","Eswatini",9600,9600,73000,88000,88000,89000,90000,0,11000,3000,5000,0,0,7000,53000,0,29000,5000,0,0,300,31000,49000,0,0,6000,6000,4000,3600,-24400,23600,28600,6600,6600,93000,10000,-36000,-60000,-19000,-55900,-26100,-11200,11400,-2300,16900,1400,-3200,-5200,651,495,0,0,0,0,0,0,0,0,-938,-956,-1527.77,-1440.77
"80","Ethiopia",0,0,0,0,0,0,0,0,0,0,0,0,0,0,0,0,0,0,0,0,0,0,0,0,0,0,0,0,0,0,0,0,11242,3895,4300,5605,16400,16200,13800,17380,18636,16265,15273,16768,16140,17388,17390,16764,14501,15698,16977,18478,21193,15057,18732,17248,11517,13853,12512,16596,18042.51,11333.46
"81","Ethiopia PDR",0,0,0,0,0,0,0,0,0,2700,3800,3400,5600,7700,600,600,4900,11200,9800,9800,9800,10300,14200,14200,9700,6900,5300,5800,2700,3500,3500,5397,0,0,0,0,0,0,0,0,0,0,0,0,0,0,0,0,0,0,0,0,0,0,0,0,0,0,0,0,0,0
"82","Europe",21132900,21303400,22571000,24091600,25569800,26963600,27854500,30391200,32730700,35380600,34289900,36127700,37946400,40151800,36203900,38141725,37579038,39547000,41191200,41437500,41348100,39919700,42151800,44881000,45208800,46540103,48553256,50382720,52392557,50817000,48439400,45607498,43600973,44695741,46765827,43866061,47200868,48348165,48652869,52259270,50629956,51787693,52334352,54771947,55085216,56265783,55616190,54031816,46296480,51365256,50893776,49778987,49841414,48752612,49626591,50553059,50680245,51854207,48396669,47007947,48721726,48994997
"83","European Union (27)",14932600,14883700,15917000,17089700,18004000,18917300,19395100,20340500,21876100,22897600,22311500,23602800,25442600,26181400,22279400,23254000,22654000,24509000,26120300,26030800,25801800,24380100,26291400,28237100,27996000,28684500,30167000,31651000,32144000,30855000,30388000,30610200,31614300,32857100,33321900,31813700,34546000,35087800,35327820,37859350,36390950,37353853,38181510,39665933,39197580,41797129,41871842,39761367,35086945,37266529,37715424,37458444,36922087,36268259,35984821,37224338,37699837,38356436,37492516,36625121,37655507,36971175
"84","Falkland Islands (Malvinas)",0,0,0,0,0,0,0,0,0,0,0,0,0,0,0,0,0,0,0,0,0,0,0,0,0,0,0,0,0,0,0,0,0,0,0,0,0,0,0,0,0,0,0,0,0,0,0,0,0,0,0,0,0,0,0,0,0,0,11,11,11,15
"85","Faroe Islands",0,0,0,0,0,0,0,0,0,0,0,0,0,0,0,0,0,0,0,0,0,0,0,0,0,0,0,0,0,0,0,0,0,27,27,27,27,27,27,27,27,27,27,27,27,27,27,27,27,27,27,27,27,0,0,0,27,27,0,0,0,2
"86","Fiji",0,0,0,0,0,0,0,0,0,0,0,0,0,0,0,0,0,0,0,0,0,0,0,0,0,0,0,0,0,0,0,108,74,0,0,0,0,0,0,0,0,0,-1,-1,-1,37,75,514,514,514,514,136,137,1,1,1,2,0,0,0,0,0
"87","Finland",3925200,3808700,4173300,4645800,4913800,5107800,5122000,3440800,3840000,4153300,4490500,4682800,5004500,5231100,4188500,4290144,4054800,4510200,5158000,5284300,5633100,5234100,5568100,6427000,6446200,6481200,6890000,7298000,7438000,7457100,7172700,7389533,7944353,8554000,8883000,8208000,9384000,9772800,9774000,10329327,9602346,9710416,9696742,10425199,9320197,10620148,10662071,9794025,7703213,8764244,8357569,7989968,7745157,7745415,7670840,7576566,7655578,8232046,7182027,6208058,6930242,6820116
"88","France",1469900,1470500,1502900,1574400,1638100,1733500,1741700,2443300,2722500,2876900,2788300,3016200,3083200,3367500,2727300,2891500,3069000,3274800,3268200,3268300,3190400,3105600,3211000,3361800,3028600,3383700,3466000,3480500,3867500,3949600,3990500,4395576,4122800,4435300,4376000,4195000,4540700,4368500,4423810,4603411,4231542,4166841,4023200,4096116,4087681,4018863,3702178,3627048,2850933,3223286,3087537,3262765,3370665,3147735,3225604,3143456,3194841,3188513,2861119,3012436,2923966,2996187
"89","French Guiana",0,0,0,0,0,0,0,0,0,0,0,0,0,0,0,0,0,0,0,0,0,0,0,0,0,0,0,0,0,0,0,1,0,0,0,0,0,0,0,0,0,0,0,0,0,0,0,0,0,0,0,0,0,0,0,0,0,0,0,0,0,0
"90","French Polynesia",0,0,0,0,0,0,0,0,0,0,0,0,0,0,0,0,0,0,0,0,0,0,0,0,0,0,0,0,0,0,0,0,0,0,0,0,3,3,3,2,2,2,2,14,14,14,49,15,15,15,15,15,15,8,108,108,108,108,108,108,108,109
"91","Gabon",0,0,0,100,100,0,0,0,0,0,0,0,0,0,1500,100,1800,1800,1800,2000,2000,2000,2000,2000,2000,0,0,0,0,0,0,74,63,31,31,83,83,83,30,30,30,200,196,205,205,205,205,297,115,256,189,120,81,71,36,61,-11,-11,-11,0,0,-12
"92","Gambia",0,0,0,0,0,0,0,0,0,0,0,0,0,0,0,0,0,0,0,0,0,0,0,0,0,0,0,0,0,0,0,0,0,0,0,0,0,0,0,0,0,15,17,6,6,6,6,17,17,18,20,20,20,38,23,23,23,23,38,9,6.13,6.13
"93","Georgia",0,0,0,0,0,0,0,0,0,0,0,0,0,0,0,0,0,0,0,0,0,0,0,0,0,0,0,0,0,0,0,0,0,0,0,0,112,-158,-144,-144,-144,-144,-144,-144,-144,5,25,25,25,25,151,0,95,90,37,62,65,93,88,48,59,70
"94","Germany",1830900,1774600,1806800,1542800,1619800,1673200,1669400,2888300,3259100,3526000,3260400,3482900,3693700,3921100,3280300,3796900,3885600,4116300,4333900,4511900,4482200,4454800,4876700,5128300,5121100,5279800,5460700,5593100,5881800,5822300,5892100,5862306,5307241,5455500,5265800,4972000,5407000,5316000,4989000,5694000,5542000,5846000,6258000,6448000,6652000,6894771,7010000,7157802,4918657,6550476,6222000,5969000,5975000,5740714,5876000,6059067,6072000,6139384,5541832,5034116,5349876,4936764
"95","Ghana",0,0,0,0,0,0,0,0,0,0,0,0,0,0,0,0,0,0,0,0,0,0,0,0,0,0,0,0,0,0,0,896,679,0,0,0,0,0,0,0,0,0,220,225,225,225,225,225,184,120,287,483,483,511,254,601,799,3227,3977,2329,1413,2447
"96","Gibraltar",0,0,0,0,0,0,0,0,0,0,0,0,0,0,0,0,0,0,0,0,0,0,0,0,0,0,0,0,0,0,0,0,0,0,0,0,0,0,0,0,0,0,0,0,0,0,0,0,0,0,0,0,0,0,0,0,0,0,0,0,0,0
"97","Greece",11900,14000,12900,13500,15900,19800,22200,97700,103800,116900,104900,97300,124300,112100,86700,103900,74800,109100,130300,144300,117200,137300,158300,151800,147900,182200,165700,131600,154300,184000,196100,166887,97553,110058,122099,96499,120601,127000,133020,113172,98934,100214,101220,106069,97574,75311,79294,103835,121884,113729,122634,115418,140453,128066,128066,128066,86143,92670,101806,110783,110783,110783
"98","Greenland",0,0,0,0,0,0,0,0,0,0,0,0,0,0,0,0,0,0,0,0,0,0,0,0,0,0,0,0,0,0,0,0,0,0,0,0,0,0,0,0,0,0,0,0,0,0,0,0,0,0,0,7,5.35,5.35,0,0,0,1,1,1,1,0
"99","Grenada",0,0,0,0,0,0,0,0,0,0,0,0,0,0,0,0,0,0,0,0,0,0,0,0,0,0,0,0,0,0,0,0,0,0,0,0,0,0,0,0,0,0,0,0,0,0,0,0,0,0,0,0,0,0,0,0,0,0,0,0,0,2
"100","Guadeloupe",0,0,0,0,0,0,0,0,0,0,0,0,0,0,0,0,0,0,0,0,0,0,0,0,0,0,0,0,0,0,0,1,18,19,19,19,19,19,19,19,19,19,19,19,19,19,19,19,19,19,19,19,19,19,19,19,19,19,19,19,19,19
"101","Guatemala",0,0,0,0,0,5000,8700,4400,6900,12100,8700,9400,20200,13600,5500,13600,9800,9400,14500,31400,13800,3100,13900,8000,9900,7400,7400,5900,6300,6300,6300,3648,2298,1146,2646,1446,1446,2200,700,600,800,277,858,1247,1997,2706,3149,3481,1066,1055,5969.5,1922.35,2092.11,6828.15,8456,12243,10624,15438,22439,15963,13636.9,24806.2
"102","Guinea",0,0,0,0,0,0,0,0,0,0,0,0,0,0,0,0,0,0,0,0,0,0,0,0,0,0,0,0,0,0,0,0,0,0,0,0,30,30,0,0,0,0,0,16,16,16,16,9,9,14,14,14,14,15,18,12,24,123,99,104,104,2029
"103","Guinea-Bissau",0,0,0,0,0,0,0,0,0,0,0,0,0,0,0,0,0,0,0,0,0,0,0,0,0,0,0,0,0,0,0,0,0,0,0,0,0,0,0,0,0,0,0,0,0,0,0,0,0,0,0,-193,-193,-193,-193,-193,-193,-193,-193,-193,-193,-193
"104","Guyana",0,0,0,0,0,0,0,0,0,0,0,0,0,0,0,0,0,0,0,0,0,0,0,0,0,0,0,0,0,0,0,0,0,0,0,0,0,0,0,0,0,0,0,0,5,0,0,0,0,0,0,0,0,49,0,2,-780,-780,-780,-780,-780,-780
"105","Haiti",0,0,0,0,0,0,0,0,0,0,0,0,0,0,0,0,0,0,0,0,0,0,0,0,0,0,0,0,0,0,0,79,0,0,78,54,54,0,0,0,0,0,0,357,357,357,357,357,357,783,670,670,12.06,12,14,31,11,11,11,11,11,11
"106","Honduras",0,0,0,0,0,0,0,0,0,0,0,0,0,0,0,0,0,0,0,0,0,0,0,0,0,0,0,0,0,0,0,901,1823,544,500,1200,1800,8600,7900,7700,8100,7200,7200,7814,7814,7191,7191,7191,7191,7007,1,-4,6,74,62,100,100,127,843,843,843,1026
"107","Hungary",64000,73300,75200,85800,49000,79300,74900,155900,154500,215800,186300,204800,220900,193300,239900,181300,231500,297700,283600,308400,289900,288900,314200,303300,281700,259900,264200,337000,331000,185000,165600,60795,50037,48900,45300,157000,156000,192600,189800,185500,182000,183000,206000,240000,281184,183478,108810,126800,93845,89747,107359,89740,102130,121454,134749,133278,142268,135635,133505,143138,120876,143954
"108","Iceland",0,0,0,0,0,0,0,0,0,0,0,0,0,0,0,0,0,0,0,0,0,0,0,0,0,0,0,0,0,0,0,1170,55,55,0,0,0,0,0,0,0,5,7,19,22,44,4320,5,10,12,15,11,11,13,13,135,0,0,0,0,0,0
"109","India",314200,321700,337600,378500,522200,576200,626500,694000,722200,764900,786400,826400,807200,877200,917600,962100,984000,1114300,1151200,876200,844000,922800,1131800,1183800,1303700,1640925,1627551,1658840,1726487,1826485,2039340,2077753,2155984,2011942,2039710,2132200,2381600,2520400,2734000,2729500,2845900,3164316,3446135,4083664,4396606,4550452,4411428,4459352,4538771,4798614,4859802,4928108,5518987,6833989,7100726,7040488,7104155,7089143,7164886,7088291,7326526.96,7600193
"110","Indonesia",6000,8300,10500,10500,10500,10500,10500,11300,15100,15500,17500,22500,39900,49400,54500,69200,76400,127500,135800,164000,254800,324500,489200,445900,402100,502200,435900,396200,655700,872600,948100,1502028,1970957,2362763,2138032,2069100,2490300,874900,1306100,3592900,3297300,2776481,2615228,3382937,2616265,1637086,3680104,3943881,3750415,4143442,4491972,4444193,4187998,4372244,4558515,4665888,4343840,5198687,4543237,4952876,4821937.81,5473713
"111","Iran (Islamic Republic of)",2400,2300,2400,2600,2600,2600,2600,2600,3700,21400,35100,36500,40200,35700,54800,53200,66500,66500,88500,88500,77400,78000,124100,91100,82000,60000,74900,74000,1e+05,186600,213000,186134,164196,256300,269700,273700,76284,75700,84500,79200,92700,354805,395322,416879,439564,581564,621564,568564,327564,363566,480709,419709,421304,395009,406148,440300,458413,393318,469783,498278,438998,379291
"112","Iraq",0,0,0,0,0,0,0,2200,1200,1000,29000,11000,21000,22100,34500,26100,24100,24100,24100,24100,10700,10700,10700,10700,10700,10700,10700,10700,10700,10700,10700,9000,9000,9000,9000,9000,9000,11000,10977,1977,1977,1977,1977,1977,1977,1977,1977,2826,2826,2826,2847,2809,3141,2153,2180,2088,1994,3024,5394,9278,9278,21978
"113","Ireland",25300,33400,35000,36600,32000,51100,63200,75500,70700,83300,70000,77400,93300,74400,33500,19900,18800,24800,27300,21300,34100,6200,5600,6300,5700,6403,5856,14820,14357,15000,15000,11129,8973,9226,9000,8000,11000,17000,19000,18000,11210,10970,11652,7584,4655,3430,2108,1593,1920,1114,603,1483,5746,3873,5842,1032,3226,5009,5009,6900,5827,5034
"114","Israel",0,3700,1800,39200,35900,38700,48200,54700,54400,53100,57100,55200,50000,70900,70900,61400,61800,43500,53000,41100,28400,61700,63000,78900,64700,82967,117891,70388,88900,80200,80200,112631,129096,75267,100413,98800,112800,147700,119352,113656,91491,107260,116578,153065,163318,188194,171380,158421,154103,176839,150939,159836,159840,141395,167495,167495,167495,185135,168532,168532,168532,168532
"115","Italy",503500,565600,593700,651100,695200,1026200,1104100,2269000,2549300,2549800,2116300,2490200,2677800,2647800,2041500,2502400,2271460,2725000,2826700,2690300,2407300,2188900,2302000,2459500,2517000,2472600,2730300,2899300,2898100,2725300,2909500,3015228,2996895,3247600,3314200,3385800,3688500,3899100,3912000,3774664,3914000,3845208,3877227,4000095,4425092,4324233,4105860,3830966,3561949,3973812,4012821,3868947,4031796,3974663,4033720,3934782,3684752,3889980,3985034,3639385,3640825,3675965
"116","Jamaica",0,0,0,0,0,0,0,0,0,0,0,0,0,0,0,0,0,0,0,0,0,0,0,0,0,0,1100,500,300,1400,100,542,126,162,176,227,156,51,40,0,0,0,0,0,1,0,0,0,274,255,-12,-13,0,-57,0,-50,-26,-26,-1,12,12,-26
"117","Japan",3738000,3879400,4445800,4902000,4999000,5668200,6215200,6954000,7802000,8968000,8927100,9483700,10504400,10602900,9058500,9945000,9915652,10459800,11181600,11324200,9741400,9877000,10481500,10755200,11031000,11320500,12007200,13055100,13911200,13805300,14219800,13913082,13497313,13965400,14308500,14235000,14587800,13924350,13743200,14159220,13228300,12963250,12736500,12942100,12857100,12841100,12653200,12445700,9985600,10775267,10443763,10069334,10023941,10300105,10029871,9971001,10200624,9955710,9777958,8280712,8747347.48,8778553
"118","Jordan",0,0,0,0,0,0,1500,1900,2800,1500,2100,2100,2000,8000,8000,8000,8000,8000,8000,8000,8000,8000,8000,8000,8000,8000,8000,8000,8000,8000,8000,16430,22518,18800,24400,41000,42600,43500,44300,48700,63200,32600,32600,84255,84255,84255,69028,87650,48067,78504,112375,112375,119222,105864,104694,104481,103012,85872,88311,108242,91228,77043
"119","Kazakhstan",0,0,0,0,0,0,0,0,0,0,0,0,0,0,0,0,0,0,0,0,0,0,0,0,0,0,0,0,0,0,0,0,0,30,30,30,0,0,0,2311,2311,200,800,674,569,3841,3251,3458,3348,3931,5121,6807,7354,5708,5708,5708,5708,6669,7305,16552,13918,19058
"120","Kenya",0,0,0,0,0,0,0,0,0,0,0,0,0,3000,12000,15000,15000,18000,47000,50000,52000,53000,53000,57000,52000,53000,54000,55000,56000,56000,58000,79185,90345,63365,67500,71102,69896,70800,70800,70500,69100,88795,101183,126066,118818,115008,114808,115876,1429.2,2160,1067,528,660,693,3533,2595,2617,2453,7688,10807,12853.65,17052.71
"121","Kuwait",0,0,0,0,0,0,0,0,0,0,0,0,0,0,0,0,0,0,0,0,0,0,0,0,0,0,0,0,0,0,0,11854,8888,15432,13305,9768,9768,9768,18000,18000,14300,14300,14300,9059,9059,9059,12082,11710,8854,7421,13692,10565,14944,20479,19712,24294,24800,23264,21145,22143,22143,11230
"122","Kyrgyzstan",0,0,0,0,0,0,0,0,0,0,0,0,0,0,0,0,0,0,0,0,0,0,0,0,0,0,0,0,0,0,0,0,0,0,0,0,0,0,0,0,0,1500,1671,200,405,0,0,25,8,0,-77,2,25,26,94,224,202,400,500,93,301,423
"123","Land Locked Developing Countries",16000,20700,84300,101400,103400,104700,106600,24600,38500,32500,38700,34300,35700,42700,88700,50200,76800,57600,58700,59500,61700,86200,95600,59300,57300,65700,73700,76700,76300,32600,80600,93027,78660,77255,175941,81950,46686,29403,68118,38191,96999,83939,90696,79696,97136,108939,101005,94391,99089.1,53421,64046,69866,75708,64283.3,65680,74511,73984,94638,103340,121722,127381.44,132506.47
"124","Lao People's Democratic Republic",0,0,0,0,0,0,0,0,0,0,0,0,0,0,0,0,0,0,0,0,0,0,0,0,0,0,0,0,0,0,0,0,0,0,0,0,0,0,0,0,0,0,0,0,0,0,0,3840,3859,3859,3859,3868,3868,58,-23,-8,0,-2140,-131,-2951,-3482,1090
"125","Latvia",0,0,0,0,0,0,0,0,0,0,0,0,0,0,0,0,0,0,0,0,0,0,0,0,0,0,0,0,0,0,0,43000,16479,8700,10800,3700,500,0,0,152,170,80,73,97,406,614,510,28,-160,98,148,258,138,128,524,-5739,-892,-892,523,1700,8714,9449
"126","Least Developed Countries",30000,54600,56500,62000,48200,50300,48300,55800,56100,56200,74000,103100,110000,111000,105373,134700,136100,169100,183909,183909,194209,193809,167900,181400,211800,191500,229400,209600,204000,225700,213200,221724,224775,221580,213688,207399,218721,154212,176271,184336,193093,158656,196837,217804,241776,244132,244124,260520,300016,238306,358829,364340,484039.06,545541,472772,726642,574103,638971,603106,550561,559424.11,612748.36
"127","Lebanon",0,0,0,0,0,200,400,0,0,0,0,0,0,0,0,0,1400,1400,1400,1400,1400,1400,0,0,0,0,0,0,0,0,0,7575,9700,10900,15500,20300,21600,30100,29400,14350,14400,14400,14400,36516,36516,36516,42146,42146,42637,14010,19996,19945,28697,25791,29472,44952,32131,32028,37237,20343,14289.2,26255
"128","Lesotho",0,0,0,0,0,0,0,0,0,0,0,0,0,0,0,0,0,0,0,0,0,0,0,0,0,0,0,0,0,0,0,0,0,0,0,0,0,0,0,0,0,0,0,0,0,0,0,0,0,1,1,16,15,15,15,15,14,14,-3,5,5,6
"129","Liberia",0,0,0,0,0,0,0,0,0,0,0,0,0,0,0,0,0,0,0,0,0,0,0,0,0,0,0,0,0,0,0,0,500,0,0,0,0,0,0,0,0,0,0,26,26,26,26,26,26,26,26,26,28,28,27,27,27,27,27,27,27,62
"130","Libya",0,0,0,0,0,0,0,0,0,0,0,0,0,0,0,0,0,0,0,0,0,0,0,0,0,0,0,0,0,0,0,1509,3515,2589,2589,2157,2157,3457,3857,3857,2157,2157,2157,3705,3705,3705,3705,4354,3903,4747,1522,2496,2540,2079,3125,3603,4439,3311,1494,1080,1080,1061
"131","Liechtenstein",0,0,0,0,0,0,0,0,0,0,0,0,0,0,0,0,0,0,0,0,0,0,0,0,0,0,0,0,0,0,0,0,0,0,0,0,0,0,0,0,0,0,0,0,0,1000,1000,0,0,0,0,0,0,0,0,0,0,0,0,0,0,0
"132","Lithuania",0,0,0,0,0,0,0,0,0,0,0,0,0,0,0,0,0,0,0,0,0,0,0,0,0,0,0,0,0,0,0,37837,7903,8503,13700,3600,2900,4800,1285,1507,3680,2390,2000,2164,1005,1836,2075,21207,18749,9780,15402,45244,10114,3472,10316,19712,23783,31215,35433,32381,35652,35652
"133","Low Income Food Deficit Countries",9000,13700,13900,28000,35000,40300,46200,59700,67800,76500,82800,88300,94400,101800,127573,163900,170700,188800,228200,262000,300900,231200,228200,249100,239200,237500,280200,280700,278600,280700,280100,316528,372163,352279,360309,334511,334406,340722,342755,342328,383552,399539,418858,466571,457222,474578,469771,452772,331230.2,280290,264095,242099,272254.06,264206,230261,234456,238612,258395,291811,277356,293736,298650.03
"134","Luxembourg",0,0,0,0,0,0,0,0,0,0,0,0,0,0,0,0,0,0,0,0,0,0,0,0,0,0,0,0,0,0,0,0,0,0,0,0,0,0,0,32,110,29,107,58,51,-15,35,84,15,1,7,52,75,75,75,134,138,180,547,100,86,55
"135","Madagascar",0,0,0,0,0,0,0,5500,5700,4700,5700,6100,8700,11000,11873,9700,10600,10600,12300,12300,12300,7300,9000,12600,14200,11900,10200,6200,6200,6200,3600,3611,3722,3200,3100,3300,2700,2700,2500,2700,2700,2700,2700,2706,2706,2706,2706,2714,2715,2763,3235,3225,3036,3146,2985,3072,2394,2429,2421,2610,2538.46,3377
"136","Malawi",0,0,0,0,0,0,0,0,0,0,0,0,0,0,0,0,0,0,0,0,0,0,0,0,0,0,0,0,0,0,0,0,0,0,0,0,0,0,35,35,35,35,35,198,198,57,57,57,-885,-885,-885,-1896,400,314,314,399,170,229,301,603,603,419
"137","Malaysia",0,0,0,0,0,100,800,1900,2000,3100,2500,3600,3600,4000,2100,3300,3500,4600,4800,5800,5500,5000,5000,14600,10000,22800,27800,59600,37900,37900,42400,51474,137409,197141,169900,205000,162900,182700,191000,184600,205600,210141,223490,223884,308543,404305,404305,355526,244865,286321,267254,262599.3,215780,340516,224957,295939,306374,312442,333964,281250,327010.31,321802
"138","Mali",0,0,0,0,0,0,0,0,0,0,0,0,0,0,0,0,0,0,0,0,0,0,0,0,0,0,0,0,0,0,0,0,0,0,0,0,344,800,400,400,400,400,419,419,419,420,420,183,183,3411,3412,215,167,25,147,118,95,726,882,5575,5575,3927
"139","Malta",0,0,0,0,0,0,0,0,0,0,0,0,0,0,0,0,0,0,0,0,0,0,0,0,0,0,0,0,0,0,0,1353,1300,900,600,600,700,300,350,350,350,350,51,-20,41,31,6,21,45,40,5,66,239,903,757,14,7,5,0,0,0,0
"140","Martinique",0,0,0,0,0,0,0,0,0,0,0,0,0,0,0,0,0,0,0,0,0,0,0,0,0,0,0,0,0,0,0,366,300,100,200,200,200,200,200,200,200,200,200,200,200,200,200,200,200,200,200,200,200,200,200,200,100,100,100,100,100,100
"141","Mauritania",0,0,0,0,0,0,0,0,0,0,0,0,0,0,0,0,0,0,0,0,0,0,0,0,0,0,0,0,0,0,0,0,0,0,2,2,0,0,0,0,0,19,13,40,40,40,2,2,4,4,4,4,4,2,2,2,2,2,71,541,541,1938
"142","Mauritius",0,0,0,0,0,0,0,0,0,0,0,0,0,0,0,0,0,0,0,0,0,0,0,0,0,0,0,0,0,0,0,259,104,200,200,200,170,667,202,202,1000,900,1142,2043,2043,1000,1000,1033,756,1865,708,876,609,579,28,35,20,30,23,8,8.81,-6
"143","Melanesia",0,0,0,0,0,0,0,0,0,0,0,0,0,0,0,0,0,0,0,0,0,0,0,0,0,0,0,0,0,0,0,108,74,0,1,1,108,7,0,0,2500,2500,2501,2502,2502,2546,2675,3434,3260,3275,3438,555,648,245,236,320,209,216,305,275,275,204
"144","Mexico",249100,268300,296500,314000,339400,349200,385700,439100,493100,576500,547900,570900,621300,790900,679200,752200,728900,807200,841900,867600,955700,929700,942700,1025700,1140000,1119000,1205000,1347000,1061000,1052300,1035900,943694,942586,860121,1135400,886900,769000,1044600,1044100,1057800,989900,1090900,1223900,1138358,1128787,1515713,1467688,1608645,1034023,1031841.1,990035,977963,998408,988380,1013590,1067295,1092899,1117132,905225,1040322,910666,1118976
"145","Micronesia",0,0,0,0,0,0,0,0,0,0,0,0,0,0,0,0,0,0,0,0,0,0,0,0,0,0,0,0,0,0,0,0,0,0,0,0,0,0,0,0,0,0,0,0,0,0,0,0,0,0,0,1,1,2,7,5,5,5,5,5,5,-21
"146","Micronesia (Federated States of)",0,0,0,0,0,0,0,0,0,0,0,0,0,0,0,0,0,0,0,0,0,0,0,0,0,0,0,0,0,0,0,0,0,0,0,0,0,0,0,0,0,0,0,0,0,0,0,0,0,0,0,1,1,1,1,1,1,1,1,1,1,1
"147","Middle Africa",0,14600,21000,25600,25000,27000,26000,2900,4700,4600,3000,6200,9700,18400,38500,37100,38800,38800,38800,64000,99000,39000,4000,4000,2000,0,0,0,0,0,0,427,380,258,237,289,76,-70,-301,-290,910,276,403,404,404,883,1610,1934,3166,3261,5129,5241,9259,9477,1092,3678,8757,12733,14257,18870,18938.15,17669
"148","Mongolia",0,0,0,0,0,0,0,0,0,0,0,0,0,0,0,0,0,0,0,0,0,0,0,0,0,0,0,0,0,0,0,0,0,180,1,1,1,1,23,23,23,23,23,23,23,23,23,-83,-83,-67,444,785,785,749,1864,2669,4306,4293,6041,912,4003.57,372
"149","Montenegro",0,0,0,0,0,0,0,0,0,0,0,0,0,0,0,0,0,0,0,0,0,0,0,0,0,0,0,0,0,0,0,0,0,0,0,0,0,0,0,0,0,0,0,0,0,10,10,10,10,10,11,5,10,10,10,10,10,10,10,10,10,10
"150","Morocco",25400,28000,34300,34100,50300,55800,38000,18200,22400,28300,18100,24600,30700,30300,43300,28900,55500,43800,48100,44500,52400,61900,63300,52100,49200,49200,22000,58600,83000,75200,56900,49560,49478,20400,59900,59900,29900,66000,7000,36600,62600,5091,-90690,12602,12602,-5819,54151,85612,75473,55232,90889,79546,179910,57165,67698,62429,58125,62375,76455,47020,55734.36,55290
"151","Mozambique",0,0,0,0,0,0,0,0,0,0,0,0,0,0,0,0,0,0,0,0,0,0,0,0,0,0,0,0,0,0,0,6,11,11,11,11,0,0,27,27,27,27,102,102,102,76,84,786,697,697,636,329,320,7495,65,353,690,257,-45,1973,2078.73,3335
"152","Myanmar",0,0,0,0,0,0,0,0,0,0,500,10000,13000,13000,13000,13000,13000,13000,13000,13000,13000,13000,13000,13000,15000,18000,6000,6000,3000,2000,2000,1960,1000,9000,8900,8900,19200,17200,39200,42300,47300,18600,15421,16121,40721,40721,40721,40721,40721,35895,26734,38986,38986,37570,41111,40419,39111,40890,5129,3341,2466.5,1953
"153","Namibia",0,0,0,0,0,0,0,0,0,0,0,0,0,0,0,0,0,0,0,0,0,0,0,0,0,0,0,0,0,0,0,0,0,0,0,0,0,0,0,4,39,4,1,248,3,2,76,35,20,17,18.03,17,16.3,44,7,39,39,39,5844,5127,5118,987
"154","Nepal",2000,8000,7500,7500,9300,10300,11200,13100,15000,15000,15000,15000,15000,15000,15000,15000,15000,15000,15000,15000,15000,15000,15000,15000,15000,15000,15000,15000,15000,15000,15000,15002,15000,15003,14971,14971,14860,14691,14912,14912,14912,14665,14229,14614,14614,17024,14461,14004,15323,14488,14952,14714,14553,14878,14748,14566,15373,15166,15688,15766,16961.44,15587.77
"155","Net Food Importing Developing Countries",189000,220100,322300,352100,384900,418800,391500,560800,588700,569400,604200,663600,666700,713300,782473,786600,828150,814000,1000209,1015409,997909,1003609,1005600,1098700,1209800,1254200,1373200,1367500,1305200,1282053,1330820,1550646,1210349,1099884,1487887,1396751,1251177,1101076,1051957,1208642,1465915,1296002,1300302,1544984,1577464,1527063,1605445,1845411,1590669.3,1504150,1791148.03,1761947,2272581.36,2134006.3,2156024,2409102,2201616,2282479,2217989,2106271,2091280.86,2177683.92
"156","Netherlands (Kingdom of the)",553000,536000,534000,535800,562400,561800,522400,1037700,1029100,1048200,843700,911400,996000,1004500,715600,687200,696900,742000,748000,768800,719600,599400,661400,688600,654100,687700,680700,751000,735600,758200,723100,732924,708623,805900,721800,802900,943600,1038800,814000,597000,677900,917100,808700,1011200,1025200,907300,971941,874559,469049,582206,637300,552757,674229,611079,489169,345200,342700,707200,717621,1035900,919500,465424
"157","Netherlands Antilles (former)",0,0,0,0,0,0,0,0,0,0,0,0,0,0,0,0,0,0,0,0,0,0,0,0,0,0,0,0,0,0,0,418,4,2,66,1847,2783,12,46,36,36,36,36,82,33,32,21,17,27,27,0,0,0,0,0,0,0,0,0,0,0,0
"158","New Caledonia",0,0,0,0,0,0,0,0,0,0,0,0,0,0,0,0,0,0,0,0,0,0,0,0,0,0,0,0,0,0,0,0,0,0,1,1,108,7,0,0,2000,2000,2002,2003,2003,2009,2100,2420,2245,2257,2235,12,104,23,12,3,3,3,96,66,66,-5
"159","New Zealand",281000,309600,376000,402700,417500,436600,481000,409900,494000,498900,497300,503500,686100,671900,627900,736100,638100,670900,583100,655200,695900,732300,578300,624400,718400,620600,641700,740300,702300,623200,711100,671862,684588,709400,786100,691600,832200,725000,857100,868300,727000,789000,752000,739887,770961,655120,690252,777833,657380,782525,821886,745063,561318,664831,588468,604165,470918,594342,315457,457701,408013.59,482725
"160","Nicaragua",0,0,0,0,0,0,0,0,0,0,0,0,0,0,0,0,0,0,0,0,0,0,0,0,0,0,0,0,0,0,0,73,83,83,100,100,100,52,124,97,97,0,136,417,417,333,330,329,329,89,89,67,56,87,87,88,88,88,84,84,84,84
"161","Niger",0,0,0,0,0,0,0,0,0,0,0,0,0,0,0,0,0,0,0,0,0,0,0,0,0,0,0,0,0,0,0,0,48,0,0,0,0,0,0,1088,1088,7423,7484,9499,9499,8306,2193,2191,2191,2191,2191,2191,2191,2191,2191,2191,2191,2191,2191,2191,2191,277
"162","Nigeria",0,0,0,0,0,0,0,1700,2700,6400,6400,6400,4300,6700,11800,12200,5100,5100,5100,4700,4700,4700,5100,5200,16800,19800,19800,18700,8700,8700,6600,8328,9466,8507,13159,13539,21492,29492,42300,40300,39500,39500,39500,39746,39746,39746,39746,57402,44303,56106,47777,39725,44478,42272,35944,47794,60332,57879,52406,50260,65030.49,67769
"163","Niue",0,0,0,0,0,0,0,0,0,0,0,0,0,0,0,0,0,0,0,0,0,0,0,0,0,0,0,0,0,0,0,0,259,259,259,259,259,259,259,259,259,259,259,259,259,259,259,259,259,259,259,259,259,259,259,259,259,259,259,259,259,259
"164","Norfolk Island",0,0,0,0,0,0,0,0,0,0,0,0,0,0,0,0,0,0,0,0,0,0,0,0,0,0,0,0,0,0,0,0,0,0,0,0,0,0,0,0,0,0,0,0,0,0,0,0,0,0,0,0,0,0,0,0,0,0,-46,-46,-46,-46
"165","North Macedonia",0,0,0,0,0,0,0,0,0,0,0,0,0,0,0,0,0,0,0,0,0,0,0,0,0,0,0,0,0,0,0,0,809,5707,6507,3507,1207,3820,1823,3116,2477,776,538,199,532,1343,4043,537,1171,314,877,93,118,103,129,246,27,121,48,23,-10,125
"166","Northern Africa",51900,59500,68600,71700,96200,110200,97900,143800,151000,156900,148600,147800,184100,174500,191900,213500,198600,188000,226000,252300,277300,244900,294400,280000,315400,270800,248400,249500,296300,286600,272900,359620,239490,256722,302688,322327,233361,309561,212109,292709,339059,291610,225537,354940,314393,246961,376434,444305,388728,385819,432444,462579,797239,630533,698685,720246,678158,687936,657190,484203,529469.94,523880
"167","Northern America",32385900,33748700,35985300,39077700,41141300,44867400,45098500,46825200,49540800,48732300,49471700,52716500,54989900,55290700,46700600,52790800,54133100,56758600,58700100,58930708,60276816,55836008,60079308,64351208,62614200,65619908,68341716,69437808,70347800,71271000,71990000,70843474,70658557,78967300,73623000,71981000,73637900,72543135,72427196,73266184,68271246,67904849,68600338,69585831,69859442,66450018,67221292,62380416,55555716,57878882,56327564,55353765,54591352.35,55407150.35,54223305,54516343,53658475,57885673,56552834,54100616,54201173,52376327
"168","Northern Europe",10628600,10438700,11252700,12600900,13260500,13260900,13480100,11425400,12431500,13372800,12794700,13370800,13886500,14532200,12750400,13193861,11916062,12652400,14442400,14283800,14560200,13318800,14221400,15858100,16088400,16761003,17897056,18671620,19398257,19206000,18592200,18617451,19363327,20531430,21571746,20140646,22103727,22335347,22270103,24090198,22492955,22571559,22518578,23611733,22268766,23751251,23660870,22050365,18845666,20706903,20094034,19471124,18718158,18391344,18387070,18607730,19009167,19153326,17337674,16100215,16855346,17298972
"169","Northern Mariana Islands",0,0,0,0,0,0,0,0,0,0,0,0,0,0,0,0,0,0,0,0,0,0,0,0,0,0,0,0,0,0,0,0,0,0,0,0,0,0,0,0,0,0,0,0,0,0,0,0,0,0,0,0,0,0,0,0,0,0,0,0,0,-26
"170","Norway",923300,913900,990800,1110300,1136400,1080300,1071700,1182500,1286700,1326000,1267200,1315600,1359300,1414000,1288900,1304200,1136100,1045500,1308600,1318900,1334700,1243200,1241100,1401700,1502500,1502000,1446200,1473400,1669300,1633100,1572900,1455713,1688002,1829800,2140800,1983800,2101700,2152600,2091301,2143000,1875000,1781000,1845921,1961418,1868366,1874405,1791425,1653331,1344645,1490897,1198342,907472,831391,628726,654079,776815,766329,732930,699887,690996,759202,800303
"171","Oceania",659100,699500,847600,924800,1003600,793500,862300,1029700,1187600,1302700,1291000,1260400,1499500,1625200,1490500,1519000,1490000,1503200,1515000,1630000,1680700,1737000,1543200,1688900,1812800,1767500,1836000,2032000,2013200,1931700,1946100,1903615,1924344,1937359,1993260,1837260,1983470,1848269,2026362,2188469,2202169,2492669,2249048,2214048,2299122,2145731,2253298,2624292,2145445,2310653,2464059,2429521,2262205,2385845,2290298,2270395,2147437,2428069,2125280,2137277,2054575.12,2246419
"172","Oman",0,0,0,0,0,0,0,0,0,0,0,0,0,0,0,0,0,0,0,0,0,0,0,0,0,0,0,0,0,0,0,658,900,1500,2100,2500,1513,1276,1300,1300,2600,1800,1800,1223,1223,1223,1223,1223,1223,1186,1378,1304,1163,44,722,885,1921,756,795,861,2195.23,-478.24
"173","Pakistan",35000,30900,38200,48500,62000,68600,60900,63400,60100,33900,49800,58600,55500,58400,56600,52700,53550,62900,67200,68200,68600,67700,96100,122000,126900,134300,153100,211500,209700,246500,222900,198685,201100,218900,213000,220700,216600,257700,247500,294900,423500,423500,438237,449976,492654,506804,504904,543604,543604,527894,533265,550959,577410,594662,560026,584166,674301,690175,662647,741256,699711.02,773071
"174","Palau",0,0,0,0,0,0,0,0,0,0,0,0,0,0,0,0,0,0,0,0,0,0,0,0,0,0,0,0,0,0,0,0,0,0,0,0,0,0,0,0,0,0,0,0,0,0,0,0,0,0,0,0,0,1,6,4,4,4,4,4,4,4
"175","Palestine",0,0,0,0,0,0,0,0,0,0,0,0,0,0,0,0,0,0,0,0,0,0,0,0,0,0,0,0,0,0,0,0,0,0,0,0,0,0,0,0,0,0,0,0,0,0,0,0,0,0,0,0,0,1078,1419,602,778,813,813,813,813,464
"176","Panama",0,0,0,0,0,0,0,700,500,4700,2000,3600,3700,3200,100,100,1700,1200,2800,1500,2000,800,2400,1500,2300,2900,1100,1000,1300,900,900,1159,1300,2900,2300,2400,2600,1600,1700,500,1500,1500,1500,1500,1500,1500,1500,1500,1500,2013,1340,174,1641,1613,771,1360,2167,762,225,274,301.09,-3
"177","Papua New Guinea",0,0,0,0,0,0,0,0,0,0,0,0,0,0,0,0,0,0,0,0,0,0,0,0,0,0,0,0,0,0,0,0,0,0,0,0,0,0,0,0,0,0,0,0,0,0,0,0,1,4,189,-93,-93,-279,-279,-242,-299,-299,-303,-303,-303,-303
"178","Paraguay",0,0,0,0,0,0,0,0,0,0,0,0,0,0,0,0,0,0,0,0,0,0,0,0,0,0,0,0,0,0,0,82,23,49,49,49,400,500,700,400,400,400,400,65,65,65,65,65,87,87,66,863,305,205,970,1281,2202,3725,2224,3590,2735.51,2216
"179","Peru",27500,26900,42200,43300,52000,54700,43800,86000,84500,83800,113500,133300,119500,145700,123600,124700,141400,137900,204400,179100,147800,136600,100400,118200,160900,247100,216900,224100,244700,196500,242700,189069,93302,43300,70400,67400,68700,37000,41000,44000,43000,52000,47000,58000,52000,85430,103000,117287,95715,105843,114628,118206,124864,105603,86505,91532,100630,108397,122534,142892,131321.04,132797
"180","Philippines",36200,27700,48100,56500,56400,59100,61000,103700,106700,107300,117400,95800,227400,226500,143200,218168,239900,254800,262900,212500,187700,206500,254500,255100,240400,251000,238500,236000,202300,2e+05,195700,212309,213300,176500,198700,226850,235892,218332,259085,250727,244187,240851,254130,271002,279391,248774,254133,254522,265609,242465,239463,43316,44930,71898,61719,86689,101786,115168,91400,72712,81048,121497
"181","Poland",437500,454000,464000,472000,485600,527700,535500,598500,590500,704400,771400,796900,841200,858000,871000,911000,904000,889000,852000,870000,739300,758400,913600,885900,914400,901000,979000,970000,957300,751900,653800,727125,754870,837600,922600,951100,965700,1059500,1109500,1226700,1234900,1366200,1409200,1460808,1500620,1445400,1650491,1777295,1775662,1832379,1894073,1853171,1980116,1942998,1968130,2512962,2569196,2728668,2647445,2847577,2980361,3055194
"182","Polynesia",0,0,0,0,0,0,0,0,0,0,0,0,0,0,0,0,0,0,0,0,0,0,0,0,0,0,0,0,0,0,0,0,259,259,259,259,262,262,262,269,269,269,547,559,559,560,609,575,575,570,570,570,583,568,610,610,610,610,639,415,415,416
"183","Portugal",118800,127300,144600,173000,205000,232600,250800,116600,130300,115500,200100,79100,100600,250500,303000,150264,285900,341400,427500,273400,293300,397100,384600,370800,493700,536800,445000,495000,522600,446000,586800,623454,680280,564000,733600,697306,729000,733683,704000,896858,982400,1111000,1107000,1128000,1304006,1095039,1134762,1149344,1009530,1041278,1346231,1470487,1493295,1604679,1596029,1642460,1743913,1765769,1638246,1511977,1660858,1750874
"184","Qatar",0,0,0,0,0,0,0,0,0,0,0,0,0,0,0,0,0,0,0,0,0,0,0,0,0,0,0,0,0,0,0,45,0,20,57,57,555,80,69,86,86,40,527,580,580,5239,662,2878,2207,3752,138,458,479,265,151,27,112,210,83,201,345.05,207
"185","Republic of Korea",25600,27100,333100,26500,31700,37100,44100,191000,233700,246300,288300,393900,353200,364700,288700,358400,446500,506300,633800,653800,728000,679200,749700,832700,925300,1006400,1094300,1164300,1207100,1385900,1597000,1846917,1922890,2359500,2447300,2889800,2569700,2163000,2787000,2736000,2860300,3055000,2968000,3115000,3005000,2938000,2989513,3016321,2769848,2951767,3048031,2927915,2922155,2874756,2811363,2751050,2747403,2785999,2705992,2517155,2496142.7,2493803
"186","Republic of Moldova",0,0,0,0,0,0,0,0,0,0,0,0,0,0,0,0,0,0,0,0,0,0,0,0,0,0,0,0,0,0,0,0,0,0,0,0,0,-540,-540,-540,-540,-540,-540,-540,-540,0,0,0,0,0,20,50,72,72,72,52,27,44,38,36,36,36
"187","Romania",190900,224600,270200,3e+05,321000,369000,433600,469900,471300,470200,552000,565200,568000,628600,689100,691500,686600,768200,790600,782000,773000,717000,717000,717000,717000,717000,717000,717000,643000,5e+05,382000,358034,339242,242226,305918,244800,254600,222900,192700,265200,247700,255900,256200,236000,160002,163355,188443,65327,74299,72853,67876,80506,99374,114688,121907,167872,151163,155438,118831,125226,129420,150639
"188","Russian Federation",0,0,0,0,0,0,0,0,0,0,0,0,0,0,0,0,0,0,0,0,0,0,0,0,0,0,0,0,0,0,0,5417527,3764738,2841300,3616500,2752000,2742000,2905000,3708700,4173600,4339700,4619000,4840000,5059000,5097300,5162000,5191000,5208000,4958799,5562649,5964744,5503462,5769875,5706161,6099675,6300200,6284282,6574576,6351645,6606682,6965823,6964167
"189","Rwanda",0,0,0,0,0,0,0,0,0,0,0,0,0,0,0,0,0,0,0,0,0,0,0,0,0,0,0,0,0,0,0,0,0,10,100,100,100,100,0,0,0,0,0,171,171,171,171,171,244,267,294,297,389,235,174,317,174,174,603,465,2269.56,2147.18
"190","Saint Helena, Ascension and Tristan da Cunha",0,0,0,0,0,0,0,0,0,0,0,0,0,0,0,0,0,0,0,0,0,0,0,0,0,0,0,0,0,0,0,0,0,0,0,0,0,0,0,0,0,0,0,0,0,0,0,0,0,0,0,0,0,0,0,0,0,0,7,25,25,36
"191","Saint Lucia",0,0,0,0,0,0,0,0,0,0,0,0,0,0,0,0,0,0,0,0,0,0,0,0,0,0,0,0,0,0,0,6,85,85,85,85,85,85,85,85,85,85,85,85,85,85,85,85,0,0,0,0,0,0,0,0,0,0,116,116,116,116
"192","Saint Pierre and Miquelon",0,0,0,0,0,0,0,0,0,0,0,0,0,0,0,0,0,0,0,0,0,0,0,0,0,0,0,0,0,0,0,0,0,0,0,0,0,0,0,0,0,0,0,0,0,0,0,0,0,0,0,0,0,0,0,0,0,0,0,0,0,0
"193","Saint Vincent and the Grenadines",0,0,0,0,0,0,0,0,0,0,0,0,0,0,0,0,0,0,0,0,0,0,0,0,0,0,0,0,0,0,0,0,0,0,0,0,0,0,0,0,0,0,0,0,0,0,0,0,0,0,0,0,0,0,0,0,0,0,0,5,5,5
"194","Samoa",0,0,0,0,0,0,0,0,0,0,0,0,0,0,0,0,0,0,0,0,0,0,0,0,0,0,0,0,0,0,0,0,0,0,0,0,0,0,0,8,8,8,286,286,286,286,286,286,286,286,286,286,299,298,240,240,240,240,240,16,16,16
"195","Sao Tome and Principe",0,0,0,0,0,0,0,0,0,0,0,0,0,0,0,0,0,0,0,0,0,0,0,0,0,0,0,0,0,0,0,0,0,0,36,36,36,36,36,36,36,36,36,36,36,36,36,36,36,36,36,36,36,0,0,0,36,36,36,36,36,36
"196","Saudi Arabia",0,0,0,0,0,0,0,0,0,0,0,0,0,0,0,0,0,0,0,0,0,0,0,0,0,0,0,0,0,0,0,41143,57996,75333,93254,96373,35473,51900,51400,22194,132798,104377,135009,96983,105629,128192,131917,84161,74699,89321,165234,100378,121447,236451,185510,210975,268080,247311,204687,225810,278583.59,266104
"197","Senegal",0,0,0,0,0,0,0,0,0,0,0,0,0,0,0,0,0,0,0,0,0,0,0,0,0,0,0,0,0,0,0,67,87,87,100,100,100,100,1700,1700,300,300,300,300,300,300,300,512,345,272,397,697,773,499,641,713,1048,1479,1370,4852,6641.82,8524
"198","Serbia",0,0,0,0,0,0,0,0,0,0,0,0,0,0,0,0,0,0,0,0,0,0,0,0,0,0,0,0,0,0,0,0,0,0,0,0,0,0,0,0,0,0,0,0,0,24000,27000,34000,28999,34078,38069,38070,40100,42110,46300,45000,62535,72030,73000,81890,73000,82000
"199","Serbia and Montenegro",0,0,0,0,0,0,0,0,0,0,0,0,0,0,0,0,0,0,0,0,0,0,0,0,0,0,0,0,0,0,0,75312,34333,33300,57300,44300,62800,58600,61900,136700,139800,140800,53000,23000,35000,0,0,0,0,0,0,0,0,0,0,0,0,0,0,0,0,0
"200","Seychelles",0,0,0,0,0,0,0,0,0,0,0,0,0,0,0,0,0,0,0,0,0,0,0,0,0,0,0,0,0,0,0,0,0,0,0,0,0,0,0,0,0,0,0,0,0,0,0,0,0,0,0,0,1,1,62,43,43,43,5,0,0,-444
"201","Sierra Leone",0,0,0,0,0,0,0,0,0,0,0,0,0,0,0,0,0,0,0,0,0,0,0,0,0,0,0,0,0,0,0,1457,22,18,18,18,329,469,-331,-470,-470,-1063,-515,405,405,360,1124,1124,1124,1121,1121,1121,1121,1297,1297,1297,1004,1004,1003,1003,1003,1003
"202","Singapore",0,0,0,0,100,0,100,1200,1300,1800,700,1400,3700,100,1000,1200,700,5100,1300,4300,3100,2400,1200,1300,200,2600,0,-100,2300,11500,1700,15457,5284,2845,10100,14900,14900,14200,-70500,-70500,-28400,-28200,1226,7336,5759,12895,12249,10611,6013,-266,69182,417891,172151,66810,118381,4338,-69993,8770,220,14833,-6953.25,380551
"203","Slovakia",0,0,0,0,0,0,0,0,0,0,0,0,0,0,0,0,0,0,0,0,0,0,0,0,0,0,0,0,0,0,0,0,207442,290000,207000,219500,136600,310500,503006,605000,662000,434000,466000,517000,6e+05,624000,687598,720472,708358,674753,752718,699334,657270,647235,606277,635610,633116,616709,581802,536977,677956,699460
"204","Slovenia",0,0,0,0,0,0,0,0,0,0,0,0,0,0,0,0,0,0,0,0,0,0,0,0,0,0,0,0,0,0,0,180758,172963,223817,203600,194300,235000,254000,249000,281923,272610,294670,328546,364040,310974,343808,283120,397535,394520,254308,241128,257467,271414,286475,309463,323256,330048,336258,321121,366732,334376,321555
"205","Small Island Developing States",52500,38100,44000,30700,27600,31800,35200,74800,77100,70900,81700,73400,83700,80300,82200,82500,75500,54000,73400,86500,71000,82100,85300,81300,95400,103600,105300,87200,100600,110053,97020,73232,61869,61778,72824,75984,76669,31153,-56154,-55420,-7758,-13065,18491,26765,25194,28425,27462,26098,33533,30065,103319,454446,226072.06,109648,159421,45219,-34706,41083,43101,50313,29634.22,427466.39
"206","Solomon Islands",0,0,0,0,0,0,0,0,0,0,0,0,0,0,0,0,0,0,0,0,0,0,0,0,0,0,0,0,0,0,0,0,0,0,0,0,0,0,0,0,0,0,0,0,0,0,0,0,0,0,0,0,0,0,0,56,2,11,11,11,11,11
"207","Somalia",0,0,0,0,0,0,0,0,0,0,0,0,0,0,0,0,0,0,0,0,0,0,0,0,0,0,0,0,0,0,0,23,0,0,0,0,-23,-23,-23,-23,-23,-43,-93,-93,-93,-93,-93,-48,-48,-48,-48,-48,-48,-20,-20,-20,-20,-20,-20,-20,-20,-20
"208","South-eastern Asia",47400,40400,64200,76800,73400,76500,83800,167900,211800,216800,217500,256400,428200,423600,292800,441968,489400,562500,596900,532100,627100,724000,967900,889500,872100,1006300,928100,872000,1075500,1353800,1614000,2282645,2903576,3411148,3241720,3408103,3920802,2329015,3036423,5308547,5142507,4759110,4655210,5567953,4899127,4063994,6142752,6213013,6046354,6590689,7019246,7285585.3,6854371,7002849,7134494,7472440,7121897,8143964,7339876,7576885,7666867.92,8724095.16
"209","South Africa",219800,287300,366000,426000,419000,447000,487100,440300,410900,448700,431000,477100,533500,552800,492000,498800,549500,546000,563700,750100,888100,882600,991300,772200,743300,747200,738904,739181,1471800,1491804,1486804,1338254,1318735,869520,1214490,1177012,1718112,1676458,1541400,1603400,1597400,1706000,1547582,1592710,1553629,1617077,1778931,1817891,1305206.2,1517780,1420931.5,1540379,1612868,1444068,1388964,1336212,1295533,1256365,1172473,990619,1136027.56,1082682
"210","South America",673000,710600,826400,924900,1044100,1348500,1286700,1663600,1713100,1923900,1978000,2161200,2296500,2569200,2321300,2558100,2886600,3077200,3291600,4091800,3945100,4262400,3369900,4087300,3698500,4143950,5150100,5106300,5413700,5123200,5346000,5769870,5458370,5714782,6359806,6435049,6542900,6282788,6404800,7147903,6465774,7125459,7262907,7576550,7624833,7907595,8468606,8974038,7801400,8653695,8338577.58,8429533,8523132,8652261,8917504,8537484,8954679,9107381,7369490,7963431,9759538.52,8603721.65
"211","Southern Africa",229400,296900,439000,514000,507000,536000,577100,440300,421900,451700,436000,477100,533500,559800,545000,498800,578500,551000,563700,750100,888400,913600,1040300,772200,743300,753200,744904,743181,1475400,1467404,1510404,1366854,1325335,876120,1307490,1187012,1682112,1616458,1522400,1547504,1571339,1694804,1558983,1590658,1570532,1618479,1775807,1812726,1305878.3,1518349,1420958.53,1540451,1612907.3,1444134.3,1388995,1336268,1295587,1256419,1177388,994801,1139624.39,1082223.23
"212","Southern Asia",381200,396900,414800,470800,616100,676300,717900,810400,834500,866000,950800,1010400,988500,1048600,1084300,1153800,1188650,1362100,1443109,1159109,1128309,1208909,1496600,1555400,1693900,2001225,2040551,2119440,2198287,2428585,2635540,2626555,2686202,2644513,2678947,2783299,2823094,2937941,3154762,3185190,3464764,4032064,4406879,5087247,5463759,5775221,5679310,5725084,5607138,5828224,6136764,6157898,6854556,8237718,8433851,8680819,8705872,8699752,8820090,8779066,8920600.21,9268256.37
"213","Southern Europe",1060700,1201900,1314000,1436100,1624500,2188100,2327500,3745100,4166700,4270600,3951000,4381900,4741200,4968500,4213800,4694064,4694528,5231800,5379700,5300600,4994100,4988100,4966000,5333300,5470800,5649800,5789700,6038400,6002700,5701600,5728900,5705338,5351108,5424452,5998963,5845364,6319321,6789289,6739955,6884464,7166919,7391266,7422830,7638859,8961499,8785393,8517911,8605663,7920439,8616836,8631832,8609898,9047941,8745156,9114344,8450345,8040625,8257927,7801611,7652890,7710017,8188613
"214","Spain",191100,240700,286800,319000,347800,525100,514700,796300,899300,982400,1010700,1178000,1260500,1383400,1244500,1372000,1396200,1373400,1309300,1424800,1421700,1494400,1338000,1446000,1427000,1588800,1616300,1666300,1592600,1566500,1477100,1515457,1237969,1115700,1451000,1300700,1383100,1627400,1613050,1577733,1671100,1811000,1848000,1894600,2674322,2798660,2784348,2965083,2681175,3047755,2688773,2702818,2951806,2588900,2870819,2284477,2025060,1982004,1576612,1820613,1772999,2118226
"215","Sri Lanka",1600,4000,3100,5700,7000,6600,7700,7300,7500,4800,18500,11500,12600,16400,12400,11400,14000,21100,24400,14400,16200,14200,14900,18900,8400,11300,14100,18500,5000,7000,8200,7849,10253,9399,15497,20691,21926,21926,21926,14626,35100,31262,31207,23701,21908,23304,23623,22304,22388,21807,22810,23142,23097,24984,24087,25448,24726,25570,26818,26949,29197.78,27533.6
"216","Sudan",0,0,0,0,0,0,0,0,0,0,0,0,0,0,0,0,0,0,0,0,0,0,0,0,0,0,0,0,0,0,0,0,0,0,0,0,0,0,0,0,0,0,0,0,0,0,0,0,0,0,0,53,20506,15006,7,7,7,7,7,7,7,115
"217","Sudan (former)",0,0,0,0,0,0,0,0,0,0,0,0,0,0,0,0,0,0,0,0,0,0,0,0,0,0,0,0,0,0,0,58,0,0,0,0,4,4,2,2,2,2,-8,-347,-347,-467,-108,59,502,278,100,0,0,0,0,0,0,0,0,0,0,0
"218","Suriname",0,0,0,0,0,0,0,0,0,0,0,0,0,0,0,0,0,0,0,0,0,0,0,0,0,0,0,0,0,0,0,0,0,0,0,0,0,0,0,0,0,0,0,0,0,0,0,0,0,0,0,0,0,0,0,0,0,0,0,0,0,0
"219","Sweden",4425300,4442600,4837100,5471300,5777100,5699200,6019900,3449000,3950800,4367300,4377500,4552500,4715100,5038100,5042700,5042400,4413100,4668100,5584600,5654900,5694000,5263200,5630400,6080200,6191800,6571900,7026200,7306200,7541700,7318600,7136000,6943559,7233213,7553000,7897000,7477000,8013400,8054300,8113000,9251952,8786320,8810449,8824712,9141002,9043006,9521990,9510000,8947672,8505604,9072403,9177757,9210707,8694176,8457449,8526069,8846732,9177807,8785573,8241003,8237050,8054917,8496031
"220","Switzerland",240100,245200,249400,255500,251200,267100,264600,399700,418700,476900,399500,427500,477600,482900,411500,401900,446948,500300,491200,545600,545000,485000,536000,542000,575000,585000,591000,628000,630000,624000,632200,589976,555840,586100,582000,571600,573200,534075,592000,576800,591390,618955,633420,666882,659579,597417,765179,639707,570415,587974,414134,313200,269342,286869,254404,221651,207565,203409,186601,167039,196119,188863
"221","Syrian Arab Republic",0,0,0,0,0,0,0,0,0,0,0,0,0,0,0,0,0,0,0,0,0,0,0,0,0,0,0,0,0,0,0,3691,4667,4312,6965,11215,12676,12676,14700,11003,19000,11269,30129,50377,50377,46916,56984,37732,54179,60038,37165,16773,17326,19299,9505,12370,21085,23131,32377,24452,24452,17169
"222","Tajikistan",0,0,0,0,0,0,0,0,0,0,0,0,0,0,0,0,0,0,0,0,0,0,0,0,0,0,0,0,0,0,0,0,0,0,0,0,0,0,0,0,0,0,0,0,0,0,0,0,0,0,62,189,190,190,190,190,190,190,557,19,19,19
"223","Thailand",3200,2400,2200,5600,4000,1800,5300,21300,40600,71400,63900,108100,119500,109500,64000,122100,138900,142500,164100,117500,148000,134600,162000,112600,149400,147700,157900,112300,112300,162300,308900,372998,430225,512900,548900,716600,821000,808000,971000,947980,977980,1193999,1206971,1209897,1191672,1300256,1352148,1201771,1345930,1441343,1361566,1423403,1459403,1468434,1407579,1573656,1575324,1543583,1504341,1405627,1576720.41,1631180
"224","Timor-Leste",0,0,0,0,0,0,0,0,0,0,0,0,0,0,0,0,0,0,0,0,0,0,0,0,0,0,0,0,0,0,0,0,0,96,6,16,16,16,16,16,16,16,28,39,39,39,39,39,40,39,39,39,41,39,39,39,35,35,35,34,34,34
"225","Togo",0,0,0,0,0,0,0,0,0,0,0,0,0,0,0,0,0,0,0,0,0,0,0,0,0,0,0,0,0,0,0,8,5,0,0,0,0,0,0,0,0,0,3,124,124,74,57,55,65,58,45,285,285,291,419,430,393,393,260,14,417.08,417.2
"226","Tonga",0,0,0,0,0,0,0,0,0,0,0,0,0,0,0,0,0,0,0,0,0,0,0,0,0,0,0,0,0,0,0,0,0,0,0,0,0,0,0,0,0,0,0,0,0,1,15,15,15,10,10,10,10,3,3,3,3,3,3,3,3,3
"227","Trinidad and Tobago",9200,6700,6500,0,0,0,100,200,0,0,0,0,0,200,200,300,300,500,400,400,400,800,400,600,800,1300,1400,1600,800,2000,0,2781,2502,3405,2905,2405,4900,7200,5600,6300,6300,3580,3550,3550,3550,3550,3550,3550,17055,15553,12258,14955,16185,26511,21250,23003,21383,16489,24907,8383,7961.4,25178.03
"228","Tunisia",0,0,0,1600,1700,1900,1900,1800,200,9300,4000,6100,15600,17100,9900,15600,11200,13300,13100,13100,36000,18400,20500,21300,25800,23100,36500,38200,42300,39400,31900,66256,23875,46280,64590,52000,64100,57400,38250,48650,38200,53200,49831,94618,94618,94618,103388,139150,82487,107911,102887,123859,113274,78432,140271,138162,110746,89536,120817,61889,97056.57,114613
"229","Turkmenistan",0,0,0,0,0,0,0,0,0,0,0,0,0,0,0,0,0,0,0,0,0,0,0,0,0,0,0,0,0,0,0,0,0,0,0,0,0,0,0,0,0,0,0,0,0,0,0,0,0,0,13,9,10,10,10,10,10,1848,1939,1939,1939,1939
"230","Turks and Caicos Islands",0,0,0,0,0,0,0,0,0,0,0,0,0,0,0,0,0,0,0,0,0,0,0,0,0,0,0,0,0,0,0,0,0,0,0,0,0,0,0,0,0,0,0,0,0,0,0,0,0,0,0,1,1,1,1,1,1,1,1,1,1,1
"231","Tuvalu",0,0,0,0,0,0,0,0,0,0,0,0,0,0,0,0,0,0,0,0,0,0,0,0,0,0,0,0,0,0,0,0,0,0,0,0,0,0,0,0,0,0,0,0,0,0,0,0,0,0,0,0,0,0,0,0,0,0,29,29,29,29
"232","Uganda",0,0,0,0,0,0,0,0,0,0,0,0,0,0,0,0,0,0,0,0,0,0,0,0,0,0,0,0,0,0,0,0,10,10,10,10,10,24,10,10,10,10,97,178,178,214,219,179,101,130,345,-302,-302,-532,77,61,138,202,38,980,980,285
"233","Ukraine",0,0,0,0,0,0,0,0,0,0,0,0,0,0,0,0,0,0,0,0,0,0,0,0,0,0,0,0,0,0,0,102000,70000,70000,84000,95200,67600,85268,86955,98955,116480,124560,139540,148890,82750,91130,113060,113060,113060,87616,85051,78280,72560,72560,72560,72560,62164,69250,68911,72350,81013,40469
"234","United Arab Emirates",0,0,0,0,0,0,0,0,0,0,0,0,0,0,0,0,0,0,0,0,0,0,0,0,0,0,0,0,0,0,0,366,1500,2900,2900,12400,12400,14700,14000,6800,17000,17000,17000,17406,17406,33006,19328,45850,50950,59355,74556,81589,163438,127061,139069,142637,185038,163670,375271,537418,460341.97,539173
"235","United Kingdom of Great Britain and Northern Ireland",1282800,1180200,1155300,1269700,1327100,1241100,1137200,3109600,3119400,3252600,2458200,2605100,2572600,2617900,2101000,2432217,2190362,2261700,2215700,1866000,1705700,1426500,1595300,1753000,1764000,2020000,2342200,2408500,2579700,2649200,2556300,2504564,2253217,2358600,2449700,2260000,2384100,2204500,2160900,2240400,2107086,2127442,2007671,1940934,1891049,1582914,1552023,1490979,1144750,1212921,1217514,1156347,1270489,1413643,1397888,1269527,1253260,1238638,1060010,799918,954581,1032388
"236","United Republic of Tanzania",0,0,0,0,0,0,0,0,0,0,0,0,0,0,0,0,0,0,0,0,0,0,0,0,0,0,37000,35000,35000,52000,52000,52121,52428,52428,52046,52046,52020,51867,51918,51983,51983,52248,55934,54222,54222,56353,56106,56065,56065,55332,55148,55146,54668,56077,56108,56266,55885,58202,59942,61131,63929.21,61798.88
"237","United States of America",22352800,23400600,25268000,27253600,28606300,30927800,31222300,36098100,37984800,37215200,38074400,40755100,42315100,42057000,36866000,41190200,42499700,44239100,46252700,46176908,47382616,44860108,47578608,50796308,49248700,51470908,53601416,54430808,54607500,55863500,57124500,56658009,56623666,64228000,58376000,57446000,59376000,59049535,58435000,58144803,54158246,54015700,53519645,54463002,54722442,53383018,54824049,50980980,46157303,48044748,47465413,47120803,46154395,47577687,46696027,47159455,46482516,50586171,49149055,48222352,47472320,46142700
"238","Uruguay",7000,4700,5500,7300,7700,7400,8900,24400,19100,19700,23000,17800,21400,24400,25300,24800,26200,32500,33400,32400,27400,25800,30100,34300,32200,43350,44200,35800,35400,32000,40800,40701,41171,46287,39782,42000,57800,56800,57800,51200,50800,49200,49200,50725,49187,42187,130187,207187,10187,24000,-28000,26745,21773,27581,57127,44245,10261,9494,24621,16280,220694.36,18312
"239","USSR",3271600,3514500,3687400,3806400,4194100,4704600,5131600,5261300,5476700,6251000,6509400,6681000,7009300,7577000,7843800,8088300,8306100,8379400,7821900,7817200,8069300,8115200,8541600,8765600,9038000,8995500,9264700,9457000,10229600,9631000,8137000,0,0,0,0,0,0,0,0,0,0,0,0,0,0,0,0,0,0,0,0,0,0,0,0,0,0,0,0,0,0,0
"240","Uzbekistan",0,0,0,0,0,0,0,0,0,0,0,0,0,0,0,0,0,0,0,0,0,0,0,0,0,0,0,0,0,0,0,0,0,0,0,0,0,946,946,1714,2085,1988,617,-74,-1752,-2059,7601,7156,7384,7642,12234,17465,17460,17460,10133,11450,13624,24351,23548,15694,19981,27955
"241","Vanuatu",0,0,0,0,0,0,0,0,0,0,0,0,0,0,0,0,0,0,0,0,0,0,0,0,0,0,0,0,0,0,0,0,0,0,0,0,0,0,0,0,500,500,500,500,500,500,500,500,500,500,500,500,500,500,502,502,501,501,501,501,501,501
"242","Venezuela (Bolivarian Republic of)",5400,8000,10000,15000,18000,20000,20000,144800,156700,176900,129400,155500,132000,138100,165100,187300,195900,195400,221500,248500,228800,225700,205800,292600,311300,308400,395900,372700,270600,273600,265600,458926,334605,275000,464800,437300,382600,285670,274900,306900,299059,215106,204930,227048,233350,209977,175572,262565,198573,155475,235746,147379,179804,149440,226410,143195,30791,36859,41337,31902,31902,33882
"243","Viet Nam",0,0,1400,3200,1400,4000,4000,24200,41400,14500,15000,15000,21100,21100,15000,15000,17000,15000,15000,15000,15000,38000,43000,47000,55000,62000,62000,62000,62000,67500,115200,126417,145353,149855,167129,166732,176589,213667,340500,360500,398500,347200,338700,456721,456721,419908,399077,402077,388875,437581,559104,651278,731227,645110,722021,805283,824952,925290,860689,846354,865265,791623
"244","Western Africa",0,0,0,0,0,0,0,1700,2700,6400,6400,6400,4300,6700,11800,12200,5100,5100,5100,4700,4700,4700,5100,5200,16800,19800,19800,18700,8700,8700,6600,10977,11067,8820,13491,14071,22407,30974,44073,43029,40829,46605,47447,51234,51234,49940,44536,64399,51403,66660,58488,47717,51759,48821,43161,56143,71431,70319,68011,73989,90311.9,97661.93
"245","Western Asia",52600,86600,86500,129800,127900,133200,144800,158500,155600,168400,299600,334400,408500,390000,374700,356000,380800,290800,432700,447100,439500,478500,516300,611700,610200,659967,689591,645188,676500,607000,578300,783632,751312,773107,1026350,929765,893866,1031066,963354,937222,981688,954049,1023343,1115620,1241611,1159633,1227012,1188650,1169636,1255130,1483343,1469724,1678411,1769158,1814874,1999755,2177680,2169046,2385040,2623294,2462571.04,2827357.76
"246","Western Europe",4877500,4781000,4880800,4740900,4967200,5173700,5176300,7938000,8711100,9305000,8703800,9348500,9877900,10496600,8585700,9281500,9723048,10177300,10472900,10793100,10598400,10293200,10946900,11465000,11175600,11766800,12156500,12603100,13404400,13449600,13590700,13936090,12989511,13881416,13456500,12957700,13954300,13854475,13284540,14127243,13561492,14182398,14387094,15130157,15368389,15274873,14720207,14662123,11119722,13080047,12656236,12623632,12826301,12416143,12365372,12515147,12522446,12963534,11939904,11478157,11758935,10925071
"247","World",62035000,64037600,69016100,74227500,78363200,84537100,86480700,92602240,98948200,102640600,102427900,108202300,114095700,117354900,102897773,112470093,114038440,120242500,125720709,127687217,127782225,122318517,129863308,138682208,140566000,147070253,156754718,162402137,166541544,165901442,166457009,164584763,164442759,177855783,181304815,167173835,177285706,175443070,176860557,183109076,175881040,179533768,181955025,189148241,190582810,190329945,194434398,190715291,171566772.5,182282185.1,184372530.61,181890991.65,180386485.82,182881614.35,183754709,186032379,188574525,196856252,191608654,190820755,196423419.46,197172590.07
"248","Yemen",0,0,0,0,0,0,0,0,0,0,0,0,0,0,0,0,0,0,0,0,0,0,0,0,0,0,0,0,0,0,0,697,1006,4801,3843,1100,969,724,400,400,400,200,200,176,176,176,176,176,47,38,20,44,66,74,48,48,48,48,1275,2812,2812,1179
"249","Yugoslav SFR",235400,254300,276000,279500,360600,377400,427300,456900,475400,497500,510500,528900,569600,566300,529700,557100,657768,674500,677500,759400,746200,762000,774700,896800,876800,861000,824000,830300,819200,763900,543500,0,0,0,0,0,0,0,0,0,0,0,0,0,0,0,0,0,0,0,0,0,0,0,0,0,0,0,0,0,0,0
"250","Zambia",0,0,0,0,0,0,0,0,0,0,0,0,0,0,0,0,0,0,0,0,0,0,0,0,0,0,0,0,0,0,0,0,0,0,28,28,28,33,29,34,34,34,34,96,96,96,96,-16,-52,-1773,146,146,45,192,137,52,145,88,419,170,191.13,1626.13
"251","Zimbabwe",4000,2700,3400,5500,5700,5000,5000,11100,12100,14100,18300,18800,20100,20100,20100,34600,32200,37000,43100,43900,45800,39600,31000,44300,42300,44700,52700,57700,57700,42000,42000,47439,43785,43028,49310,44200,45600,50600,53000,50900,50900,50900,36900,38129,38129,59129,53320,50712,49653,3112,3104,2930,1092,369,-1400,680,242,1387,1114,596,934.02,404.1
